,amount,cost,datetime,fee,id,info,order,price,side,symbol,takerOrMaker,timestamp,type
0,0.0002,6.8260688e-05,2018-10-19T15:53:33.000Z,,98007638,"{'id': 98007638, 'pair': 'BIX_GUSD', 'price': '0.34130344', 'amount': '0.0002', 'time': 1539964413000, 'side': 2}",,0.34130344,sell,BIX/GUSD,,1539964413000,limit
1,0.0002,6.8260688e-05,2018-10-19T15:53:35.000Z,,98007646,"{'id': 98007646, 'pair': 'BIX_GUSD', 'price': '0.34130344', 'amount': '0.0002', 'time': 1539964415000, 'side': 2}",,0.34130344,sell,BIX/GUSD,,1539964415000,limit
2,0.0002,6.8260688e-05,2018-10-19T15:53:36.000Z,,98007648,"{'id': 98007648, 'pair': 'BIX_GUSD', 'price': '0.34130344', 'amount': '0.0002', 'time': 1539964416000, 'side': 2}",,0.34130344,sell,BIX/GUSD,,1539964416000,limit
3,0.0002,6.8260688e-05,2018-10-19T15:53:38.000Z,,98007663,"{'id': 98007663, 'pair': 'BIX_GUSD', 'price': '0.34130344', 'amount': '0.0002', 'time': 1539964418000, 'side': 2}",,0.34130344,sell,BIX/GUSD,,1539964418000,limit
4,0.0002,6.8260688e-05,2018-10-19T15:53:40.000Z,,98007679,"{'id': 98007679, 'pair': 'BIX_GUSD', 'price': '0.34130344', 'amount': '0.0002', 'time': 1539964420000, 'side': 2}",,0.34130344,sell,BIX/GUSD,,1539964420000,limit
5,0.0002,6.8260688e-05,2018-10-19T15:53:42.000Z,,98007701,"{'id': 98007701, 'pair': 'BIX_GUSD', 'price': '0.34130344', 'amount': '0.0002', 'time': 1539964422000, 'side': 2}",,0.34130344,sell,BIX/GUSD,,1539964422000,limit
6,0.0002,6.8260688e-05,2018-10-19T15:53:44.000Z,,98007717,"{'id': 98007717, 'pair': 'BIX_GUSD', 'price': '0.34130344', 'amount': '0.0002', 'time': 1539964424000, 'side': 2}",,0.34130344,sell,BIX/GUSD,,1539964424000,limit
7,0.0002,6.8260688e-05,2018-10-19T15:53:45.000Z,,98007729,"{'id': 98007729, 'pair': 'BIX_GUSD', 'price': '0.34130344', 'amount': '0.0002', 'time': 1539964425000, 'side': 2}",,0.34130344,sell,BIX/GUSD,,1539964425000,limit
8,0.0002,6.8260688e-05,2018-10-19T15:53:46.000Z,,98007730,"{'id': 98007730, 'pair': 'BIX_GUSD', 'price': '0.34130344', 'amount': '0.0002', 'time': 1539964426000, 'side': 2}",,0.34130344,sell,BIX/GUSD,,1539964426000,limit
9,0.0002,6.8260688e-05,2018-10-19T15:53:48.000Z,,98007747,"{'id': 98007747, 'pair': 'BIX_GUSD', 'price': '0.34130344', 'amount': '0.0002', 'time': 1539964428000, 'side': 2}",,0.34130344,sell,BIX/GUSD,,1539964428000,limit
10,0.0002,6.8260688e-05,2018-10-19T15:53:50.000Z,,98007772,"{'id': 98007772, 'pair': 'BIX_GUSD', 'price': '0.34130344', 'amount': '0.0002', 'time': 1539964430000, 'side': 2}",,0.34130344,sell,BIX/GUSD,,1539964430000,limit
11,0.0002,6.8260688e-05,2018-10-19T15:53:52.000Z,,98007782,"{'id': 98007782, 'pair': 'BIX_GUSD', 'price': '0.34130344', 'amount': '0.0002', 'time': 1539964432000, 'side': 2}",,0.34130344,sell,BIX/GUSD,,1539964432000,limit
12,0.0002,6.8260688e-05,2018-10-19T15:54:00.000Z,,98007847,"{'id': 98007847, 'pair': 'BIX_GUSD', 'price': '0.34130344', 'amount': '0.0002', 'time': 1539964440000, 'side': 2}",,0.34130344,sell,BIX/GUSD,,1539964440000,limit
13,0.0002,6.8260688e-05,2018-10-19T15:54:05.000Z,,98007881,"{'id': 98007881, 'pair': 'BIX_GUSD', 'price': '0.34130344', 'amount': '0.0002', 'time': 1539964445000, 'side': 2}",,0.34130344,sell,BIX/GUSD,,1539964445000,limit
14,0.0002,6.8260688e-05,2018-10-19T15:54:06.000Z,,98007885,"{'id': 98007885, 'pair': 'BIX_GUSD', 'price': '0.34130344', 'amount': '0.0002', 'time': 1539964446000, 'side': 2}",,0.34130344,sell,BIX/GUSD,,1539964446000,limit
15,0.0002,6.8260688e-05,2018-10-19T15:54:07.000Z,,98007894,"{'id': 98007894, 'pair': 'BIX_GUSD', 'price': '0.34130344', 'amount': '0.0002', 'time': 1539964447000, 'side': 2}",,0.34130344,sell,BIX/GUSD,,1539964447000,limit
16,0.0002,6.8260688e-05,2018-10-19T15:54:08.000Z,,98007906,"{'id': 98007906, 'pair': 'BIX_GUSD', 'price': '0.34130344', 'amount': '0.0002', 'time': 1539964448000, 'side': 2}",,0.34130344,sell,BIX/GUSD,,1539964448000,limit
17,0.0002,6.8260688e-05,2018-10-19T15:54:09.000Z,,98007907,"{'id': 98007907, 'pair': 'BIX_GUSD', 'price': '0.34130344', 'amount': '0.0002', 'time': 1539964449000, 'side': 2}",,0.34130344,sell,BIX/GUSD,,1539964449000,limit
18,0.0002,6.8260688e-05,2018-10-19T15:54:10.000Z,,98007912,"{'id': 98007912, 'pair': 'BIX_GUSD', 'price': '0.34130344', 'amount': '0.0002', 'time': 1539964450000, 'side': 2}",,0.34130344,sell,BIX/GUSD,,1539964450000,limit
19,0.0002,6.8260688e-05,2018-10-19T15:54:12.000Z,,98007928,"{'id': 98007928, 'pair': 'BIX_GUSD', 'price': '0.34130344', 'amount': '0.0002', 'time': 1539964452000, 'side': 2}",,0.34130344,sell,BIX/GUSD,,1539964452000,limit
20,0.0002,6.8260688e-05,2018-10-19T15:54:13.000Z,,98007930,"{'id': 98007930, 'pair': 'BIX_GUSD', 'price': '0.34130344', 'amount': '0.0002', 'time': 1539964453000, 'side': 2}",,0.34130344,sell,BIX/GUSD,,1539964453000,limit
21,0.0002,6.8260688e-05,2018-10-19T15:54:15.000Z,,98007947,"{'id': 98007947, 'pair': 'BIX_GUSD', 'price': '0.34130344', 'amount': '0.0002', 'time': 1539964455000, 'side': 2}",,0.34130344,sell,BIX/GUSD,,1539964455000,limit
22,0.0002,6.8260688e-05,2018-10-19T15:54:17.000Z,,98007963,"{'id': 98007963, 'pair': 'BIX_GUSD', 'price': '0.34130344', 'amount': '0.0002', 'time': 1539964457000, 'side': 2}",,0.34130344,sell,BIX/GUSD,,1539964457000,limit
23,0.0002,6.8260688e-05,2018-10-19T15:54:19.000Z,,98007974,"{'id': 98007974, 'pair': 'BIX_GUSD', 'price': '0.34130344', 'amount': '0.0002', 'time': 1539964459000, 'side': 2}",,0.34130344,sell,BIX/GUSD,,1539964459000,limit
24,0.0002,6.8260688e-05,2018-10-19T15:54:21.000Z,,98007987,"{'id': 98007987, 'pair': 'BIX_GUSD', 'price': '0.34130344', 'amount': '0.0002', 'time': 1539964461000, 'side': 2}",,0.34130344,sell,BIX/GUSD,,1539964461000,limit
25,0.0002,6.8260688e-05,2018-10-19T15:54:23.000Z,,98008013,"{'id': 98008013, 'pair': 'BIX_GUSD', 'price': '0.34130344', 'amount': '0.0002', 'time': 1539964463000, 'side': 2}",,0.34130344,sell,BIX/GUSD,,1539964463000,limit
26,0.0002,6.8260688e-05,2018-10-19T15:54:25.000Z,,98008020,"{'id': 98008020, 'pair': 'BIX_GUSD', 'price': '0.34130344', 'amount': '0.0002', 'time': 1539964465000, 'side': 2}",,0.34130344,sell,BIX/GUSD,,1539964465000,limit
27,0.0002,6.8260688e-05,2018-10-19T15:54:26.000Z,,98008029,"{'id': 98008029, 'pair': 'BIX_GUSD', 'price': '0.34130344', 'amount': '0.0002', 'time': 1539964466000, 'side': 2}",,0.34130344,sell,BIX/GUSD,,1539964466000,limit
28,0.0002,6.8260688e-05,2018-10-19T15:54:28.000Z,,98008040,"{'id': 98008040, 'pair': 'BIX_GUSD', 'price': '0.34130344', 'amount': '0.0002', 'time': 1539964468000, 'side': 2}",,0.34130344,sell,BIX/GUSD,,1539964468000,limit
29,0.0002,6.8260688e-05,2018-10-19T15:54:29.000Z,,98008043,"{'id': 98008043, 'pair': 'BIX_GUSD', 'price': '0.34130344', 'amount': '0.0002', 'time': 1539964469000, 'side': 2}",,0.34130344,sell,BIX/GUSD,,1539964469000,limit
30,0.0002,6.8260688e-05,2018-10-19T15:54:30.000Z,,98008048,"{'id': 98008048, 'pair': 'BIX_GUSD', 'price': '0.34130344', 'amount': '0.0002', 'time': 1539964470000, 'side': 2}",,0.34130344,sell,BIX/GUSD,,1539964470000,limit
31,0.0002,6.8260688e-05,2018-10-19T15:54:32.000Z,,98008064,"{'id': 98008064, 'pair': 'BIX_GUSD', 'price': '0.34130344', 'amount': '0.0002', 'time': 1539964472000, 'side': 2}",,0.34130344,sell,BIX/GUSD,,1539964472000,limit
32,0.0002,6.8260688e-05,2018-10-19T15:54:33.000Z,,98008072,"{'id': 98008072, 'pair': 'BIX_GUSD', 'price': '0.34130344', 'amount': '0.0002', 'time': 1539964473000, 'side': 2}",,0.34130344,sell,BIX/GUSD,,1539964473000,limit
33,0.0002,6.8260688e-05,2018-10-19T15:54:35.000Z,,98008081,"{'id': 98008081, 'pair': 'BIX_GUSD', 'price': '0.34130344', 'amount': '0.0002', 'time': 1539964475000, 'side': 2}",,0.34130344,sell,BIX/GUSD,,1539964475000,limit
34,0.0002,6.8260688e-05,2018-10-19T15:54:37.000Z,,98008088,"{'id': 98008088, 'pair': 'BIX_GUSD', 'price': '0.34130344', 'amount': '0.0002', 'time': 1539964477000, 'side': 2}",,0.34130344,sell,BIX/GUSD,,1539964477000,limit
35,0.0002,6.8260688e-05,2018-10-19T15:54:38.000Z,,98008103,"{'id': 98008103, 'pair': 'BIX_GUSD', 'price': '0.34130344', 'amount': '0.0002', 'time': 1539964478000, 'side': 2}",,0.34130344,sell,BIX/GUSD,,1539964478000,limit
36,0.0002,6.8260688e-05,2018-10-19T15:54:41.000Z,,98008135,"{'id': 98008135, 'pair': 'BIX_GUSD', 'price': '0.34130344', 'amount': '0.0002', 'time': 1539964481000, 'side': 2}",,0.34130344,sell,BIX/GUSD,,1539964481000,limit
37,0.0002,6.8260688e-05,2018-10-19T15:54:45.000Z,,98008151,"{'id': 98008151, 'pair': 'BIX_GUSD', 'price': '0.34130344', 'amount': '0.0002', 'time': 1539964485000, 'side': 2}",,0.34130344,sell,BIX/GUSD,,1539964485000,limit
38,0.0002,6.8260688e-05,2018-10-19T15:54:46.000Z,,98008156,"{'id': 98008156, 'pair': 'BIX_GUSD', 'price': '0.34130344', 'amount': '0.0002', 'time': 1539964486000, 'side': 2}",,0.34130344,sell,BIX/GUSD,,1539964486000,limit
39,0.0002,6.8260688e-05,2018-10-19T15:54:47.000Z,,98008158,"{'id': 98008158, 'pair': 'BIX_GUSD', 'price': '0.34130344', 'amount': '0.0002', 'time': 1539964487000, 'side': 2}",,0.34130344,sell,BIX/GUSD,,1539964487000,limit
40,0.0002,6.8260688e-05,2018-10-19T15:54:48.000Z,,98008173,"{'id': 98008173, 'pair': 'BIX_GUSD', 'price': '0.34130344', 'amount': '0.0002', 'time': 1539964488000, 'side': 2}",,0.34130344,sell,BIX/GUSD,,1539964488000,limit
41,0.0002,6.8260688e-05,2018-10-19T15:54:50.000Z,,98008189,"{'id': 98008189, 'pair': 'BIX_GUSD', 'price': '0.34130344', 'amount': '0.0002', 'time': 1539964490000, 'side': 2}",,0.34130344,sell,BIX/GUSD,,1539964490000,limit
42,0.0002,6.8260688e-05,2018-10-19T15:54:51.000Z,,98008195,"{'id': 98008195, 'pair': 'BIX_GUSD', 'price': '0.34130344', 'amount': '0.0002', 'time': 1539964491000, 'side': 2}",,0.34130344,sell,BIX/GUSD,,1539964491000,limit
43,0.0002,6.8260688e-05,2018-10-19T15:54:53.000Z,,98008210,"{'id': 98008210, 'pair': 'BIX_GUSD', 'price': '0.34130344', 'amount': '0.0002', 'time': 1539964493000, 'side': 2}",,0.34130344,sell,BIX/GUSD,,1539964493000,limit
44,0.0002,6.8260688e-05,2018-10-19T15:54:55.000Z,,98008236,"{'id': 98008236, 'pair': 'BIX_GUSD', 'price': '0.34130344', 'amount': '0.0002', 'time': 1539964495000, 'side': 2}",,0.34130344,sell,BIX/GUSD,,1539964495000,limit
45,0.0002,6.8260688e-05,2018-10-19T15:54:56.000Z,,98008249,"{'id': 98008249, 'pair': 'BIX_GUSD', 'price': '0.34130344', 'amount': '0.0002', 'time': 1539964496000, 'side': 2}",,0.34130344,sell,BIX/GUSD,,1539964496000,limit
46,0.0002,6.8260688e-05,2018-10-19T15:54:57.000Z,,98008254,"{'id': 98008254, 'pair': 'BIX_GUSD', 'price': '0.34130344', 'amount': '0.0002', 'time': 1539964497000, 'side': 2}",,0.34130344,sell,BIX/GUSD,,1539964497000,limit
47,0.0002,6.8260688e-05,2018-10-19T15:54:58.000Z,,98008259,"{'id': 98008259, 'pair': 'BIX_GUSD', 'price': '0.34130344', 'amount': '0.0002', 'time': 1539964498000, 'side': 2}",,0.34130344,sell,BIX/GUSD,,1539964498000,limit
48,0.0002,6.8260688e-05,2018-10-19T15:55:00.000Z,,98008275,"{'id': 98008275, 'pair': 'BIX_GUSD', 'price': '0.34130344', 'amount': '0.0002', 'time': 1539964500000, 'side': 2}",,0.34130344,sell,BIX/GUSD,,1539964500000,limit
49,0.0002,6.8260688e-05,2018-10-19T15:55:01.000Z,,98008280,"{'id': 98008280, 'pair': 'BIX_GUSD', 'price': '0.34130344', 'amount': '0.0002', 'time': 1539964501000, 'side': 2}",,0.34130344,sell,BIX/GUSD,,1539964501000,limit
50,0.0002,6.8260688e-05,2018-10-19T15:55:03.000Z,,98008288,"{'id': 98008288, 'pair': 'BIX_GUSD', 'price': '0.34130344', 'amount': '0.0002', 'time': 1539964503000, 'side': 2}",,0.34130344,sell,BIX/GUSD,,1539964503000,limit
51,0.0002,6.8260688e-05,2018-10-19T15:55:04.000Z,,98008291,"{'id': 98008291, 'pair': 'BIX_GUSD', 'price': '0.34130344', 'amount': '0.0002', 'time': 1539964504000, 'side': 2}",,0.34130344,sell,BIX/GUSD,,1539964504000,limit
52,0.0002,6.8260688e-05,2018-10-19T15:55:06.000Z,,98008309,"{'id': 98008309, 'pair': 'BIX_GUSD', 'price': '0.34130344', 'amount': '0.0002', 'time': 1539964506000, 'side': 2}",,0.34130344,sell,BIX/GUSD,,1539964506000,limit
53,0.0002,6.8260688e-05,2018-10-19T15:55:08.000Z,,98008322,"{'id': 98008322, 'pair': 'BIX_GUSD', 'price': '0.34130344', 'amount': '0.0002', 'time': 1539964508000, 'side': 2}",,0.34130344,sell,BIX/GUSD,,1539964508000,limit
54,0.0002,6.8260688e-05,2018-10-19T15:55:10.000Z,,98008342,"{'id': 98008342, 'pair': 'BIX_GUSD', 'price': '0.34130344', 'amount': '0.0002', 'time': 1539964510000, 'side': 2}",,0.34130344,sell,BIX/GUSD,,1539964510000,limit
55,0.0002,6.8260688e-05,2018-10-19T15:55:11.000Z,,98008353,"{'id': 98008353, 'pair': 'BIX_GUSD', 'price': '0.34130344', 'amount': '0.0002', 'time': 1539964511000, 'side': 2}",,0.34130344,sell,BIX/GUSD,,1539964511000,limit
56,0.0002,6.8260688e-05,2018-10-19T15:55:13.000Z,,98008370,"{'id': 98008370, 'pair': 'BIX_GUSD', 'price': '0.34130344', 'amount': '0.0002', 'time': 1539964513000, 'side': 2}",,0.34130344,sell,BIX/GUSD,,1539964513000,limit
57,0.0002,6.8260688e-05,2018-10-19T15:55:14.000Z,,98008377,"{'id': 98008377, 'pair': 'BIX_GUSD', 'price': '0.34130344', 'amount': '0.0002', 'time': 1539964514000, 'side': 2}",,0.34130344,sell,BIX/GUSD,,1539964514000,limit
58,0.0002,6.8260688e-05,2018-10-19T15:55:15.000Z,,98008383,"{'id': 98008383, 'pair': 'BIX_GUSD', 'price': '0.34130344', 'amount': '0.0002', 'time': 1539964515000, 'side': 2}",,0.34130344,sell,BIX/GUSD,,1539964515000,limit
59,0.0002,6.8260688e-05,2018-10-19T15:55:17.000Z,,98008394,"{'id': 98008394, 'pair': 'BIX_GUSD', 'price': '0.34130344', 'amount': '0.0002', 'time': 1539964517000, 'side': 2}",,0.34130344,sell,BIX/GUSD,,1539964517000,limit
60,0.0002,6.8260688e-05,2018-10-19T15:55:18.000Z,,98008411,"{'id': 98008411, 'pair': 'BIX_GUSD', 'price': '0.34130344', 'amount': '0.0002', 'time': 1539964518000, 'side': 2}",,0.34130344,sell,BIX/GUSD,,1539964518000,limit
61,0.0002,6.8260688e-05,2018-10-19T15:55:19.000Z,,98008420,"{'id': 98008420, 'pair': 'BIX_GUSD', 'price': '0.34130344', 'amount': '0.0002', 'time': 1539964519000, 'side': 2}",,0.34130344,sell,BIX/GUSD,,1539964519000,limit
62,0.0002,6.8260688e-05,2018-10-19T15:55:21.000Z,,98008448,"{'id': 98008448, 'pair': 'BIX_GUSD', 'price': '0.34130344', 'amount': '0.0002', 'time': 1539964521000, 'side': 2}",,0.34130344,sell,BIX/GUSD,,1539964521000,limit
63,0.0002,6.8260688e-05,2018-10-19T15:55:22.000Z,,98008451,"{'id': 98008451, 'pair': 'BIX_GUSD', 'price': '0.34130344', 'amount': '0.0002', 'time': 1539964522000, 'side': 2}",,0.34130344,sell,BIX/GUSD,,1539964522000,limit
64,0.0002,6.8260688e-05,2018-10-19T15:55:24.000Z,,98008455,"{'id': 98008455, 'pair': 'BIX_GUSD', 'price': '0.34130344', 'amount': '0.0002', 'time': 1539964524000, 'side': 2}",,0.34130344,sell,BIX/GUSD,,1539964524000,limit
65,0.0002,6.8260688e-05,2018-10-19T15:55:27.000Z,,98008471,"{'id': 98008471, 'pair': 'BIX_GUSD', 'price': '0.34130344', 'amount': '0.0002', 'time': 1539964527000, 'side': 2}",,0.34130344,sell,BIX/GUSD,,1539964527000,limit
66,0.0002,6.8260688e-05,2018-10-19T15:55:29.000Z,,98008483,"{'id': 98008483, 'pair': 'BIX_GUSD', 'price': '0.34130344', 'amount': '0.0002', 'time': 1539964529000, 'side': 2}",,0.34130344,sell,BIX/GUSD,,1539964529000,limit
67,0.0002,6.8260688e-05,2018-10-19T15:55:30.000Z,,98008504,"{'id': 98008504, 'pair': 'BIX_GUSD', 'price': '0.34130344', 'amount': '0.0002', 'time': 1539964530000, 'side': 2}",,0.34130344,sell,BIX/GUSD,,1539964530000,limit
68,0.0002,6.8260688e-05,2018-10-19T15:55:32.000Z,,98008518,"{'id': 98008518, 'pair': 'BIX_GUSD', 'price': '0.34130344', 'amount': '0.0002', 'time': 1539964532000, 'side': 2}",,0.34130344,sell,BIX/GUSD,,1539964532000,limit
69,0.0002,6.8260688e-05,2018-10-19T15:55:33.000Z,,98008522,"{'id': 98008522, 'pair': 'BIX_GUSD', 'price': '0.34130344', 'amount': '0.0002', 'time': 1539964533000, 'side': 2}",,0.34130344,sell,BIX/GUSD,,1539964533000,limit
70,0.0002,6.8260688e-05,2018-10-19T15:55:35.000Z,,98008537,"{'id': 98008537, 'pair': 'BIX_GUSD', 'price': '0.34130344', 'amount': '0.0002', 'time': 1539964535000, 'side': 2}",,0.34130344,sell,BIX/GUSD,,1539964535000,limit
71,0.0002,6.8260688e-05,2018-10-19T15:55:36.000Z,,98008549,"{'id': 98008549, 'pair': 'BIX_GUSD', 'price': '0.34130344', 'amount': '0.0002', 'time': 1539964536000, 'side': 2}",,0.34130344,sell,BIX/GUSD,,1539964536000,limit
72,0.0002,6.8260688e-05,2018-10-19T15:55:37.000Z,,98008558,"{'id': 98008558, 'pair': 'BIX_GUSD', 'price': '0.34130344', 'amount': '0.0002', 'time': 1539964537000, 'side': 2}",,0.34130344,sell,BIX/GUSD,,1539964537000,limit
73,0.0002,6.8260688e-05,2018-10-19T15:55:40.000Z,,98008586,"{'id': 98008586, 'pair': 'BIX_GUSD', 'price': '0.34130344', 'amount': '0.0002', 'time': 1539964540000, 'side': 2}",,0.34130344,sell,BIX/GUSD,,1539964540000,limit
74,0.0002,6.8260688e-05,2018-10-19T15:55:43.000Z,,98008611,"{'id': 98008611, 'pair': 'BIX_GUSD', 'price': '0.34130344', 'amount': '0.0002', 'time': 1539964543000, 'side': 2}",,0.34130344,sell,BIX/GUSD,,1539964543000,limit
75,0.0002,6.8260688e-05,2018-10-19T15:55:44.000Z,,98008612,"{'id': 98008612, 'pair': 'BIX_GUSD', 'price': '0.34130344', 'amount': '0.0002', 'time': 1539964544000, 'side': 2}",,0.34130344,sell,BIX/GUSD,,1539964544000,limit
76,0.0002,6.8260688e-05,2018-10-19T15:55:45.000Z,,98008621,"{'id': 98008621, 'pair': 'BIX_GUSD', 'price': '0.34130344', 'amount': '0.0002', 'time': 1539964545000, 'side': 2}",,0.34130344,sell,BIX/GUSD,,1539964545000,limit
77,0.0002,6.8260688e-05,2018-10-19T15:55:48.000Z,,98008645,"{'id': 98008645, 'pair': 'BIX_GUSD', 'price': '0.34130344', 'amount': '0.0002', 'time': 1539964548000, 'side': 2}",,0.34130344,sell,BIX/GUSD,,1539964548000,limit
78,0.0002,6.8260688e-05,2018-10-19T15:55:49.000Z,,98008656,"{'id': 98008656, 'pair': 'BIX_GUSD', 'price': '0.34130344', 'amount': '0.0002', 'time': 1539964549000, 'side': 2}",,0.34130344,sell,BIX/GUSD,,1539964549000,limit
79,0.0002,6.8260688e-05,2018-10-19T15:55:51.000Z,,98008677,"{'id': 98008677, 'pair': 'BIX_GUSD', 'price': '0.34130344', 'amount': '0.0002', 'time': 1539964551000, 'side': 2}",,0.34130344,sell,BIX/GUSD,,1539964551000,limit
80,0.0002,6.8260688e-05,2018-10-19T15:55:52.000Z,,98008683,"{'id': 98008683, 'pair': 'BIX_GUSD', 'price': '0.34130344', 'amount': '0.0002', 'time': 1539964552000, 'side': 2}",,0.34130344,sell,BIX/GUSD,,1539964552000,limit
81,0.0002,6.8260688e-05,2018-10-19T15:55:54.000Z,,98008702,"{'id': 98008702, 'pair': 'BIX_GUSD', 'price': '0.34130344', 'amount': '0.0002', 'time': 1539964554000, 'side': 2}",,0.34130344,sell,BIX/GUSD,,1539964554000,limit
82,0.0002,6.8260688e-05,2018-10-19T15:55:56.000Z,,98008726,"{'id': 98008726, 'pair': 'BIX_GUSD', 'price': '0.34130344', 'amount': '0.0002', 'time': 1539964556000, 'side': 2}",,0.34130344,sell,BIX/GUSD,,1539964556000,limit
83,0.0002,6.8260688e-05,2018-10-19T15:55:57.000Z,,98008732,"{'id': 98008732, 'pair': 'BIX_GUSD', 'price': '0.34130344', 'amount': '0.0002', 'time': 1539964557000, 'side': 2}",,0.34130344,sell,BIX/GUSD,,1539964557000,limit
84,0.0002,6.8260688e-05,2018-10-19T15:56:00.000Z,,98008752,"{'id': 98008752, 'pair': 'BIX_GUSD', 'price': '0.34130344', 'amount': '0.0002', 'time': 1539964560000, 'side': 2}",,0.34130344,sell,BIX/GUSD,,1539964560000,limit
85,0.0002,6.8260688e-05,2018-10-19T15:56:02.000Z,,98008764,"{'id': 98008764, 'pair': 'BIX_GUSD', 'price': '0.34130344', 'amount': '0.0002', 'time': 1539964562000, 'side': 2}",,0.34130344,sell,BIX/GUSD,,1539964562000,limit
86,0.0002,6.8260688e-05,2018-10-19T15:56:03.000Z,,98008771,"{'id': 98008771, 'pair': 'BIX_GUSD', 'price': '0.34130344', 'amount': '0.0002', 'time': 1539964563000, 'side': 2}",,0.34130344,sell,BIX/GUSD,,1539964563000,limit
87,0.0002,6.8260688e-05,2018-10-19T15:56:04.000Z,,98008789,"{'id': 98008789, 'pair': 'BIX_GUSD', 'price': '0.34130344', 'amount': '0.0002', 'time': 1539964564000, 'side': 2}",,0.34130344,sell,BIX/GUSD,,1539964564000,limit
88,0.0002,6.8260688e-05,2018-10-19T15:56:06.000Z,,98008802,"{'id': 98008802, 'pair': 'BIX_GUSD', 'price': '0.34130344', 'amount': '0.0002', 'time': 1539964566000, 'side': 2}",,0.34130344,sell,BIX/GUSD,,1539964566000,limit
89,0.0002,6.8260688e-05,2018-10-19T15:56:08.000Z,,98008809,"{'id': 98008809, 'pair': 'BIX_GUSD', 'price': '0.34130344', 'amount': '0.0002', 'time': 1539964568000, 'side': 2}",,0.34130344,sell,BIX/GUSD,,1539964568000,limit
90,0.0002,6.8260688e-05,2018-10-19T15:56:09.000Z,,98008815,"{'id': 98008815, 'pair': 'BIX_GUSD', 'price': '0.34130344', 'amount': '0.0002', 'time': 1539964569000, 'side': 2}",,0.34130344,sell,BIX/GUSD,,1539964569000,limit
91,0.0002,6.8260688e-05,2018-10-19T15:56:12.000Z,,98008843,"{'id': 98008843, 'pair': 'BIX_GUSD', 'price': '0.34130344', 'amount': '0.0002', 'time': 1539964572000, 'side': 2}",,0.34130344,sell,BIX/GUSD,,1539964572000,limit
92,0.0002,6.8260688e-05,2018-10-19T15:56:13.000Z,,98008849,"{'id': 98008849, 'pair': 'BIX_GUSD', 'price': '0.34130344', 'amount': '0.0002', 'time': 1539964573000, 'side': 2}",,0.34130344,sell,BIX/GUSD,,1539964573000,limit
93,0.0002,6.8260688e-05,2018-10-19T15:56:15.000Z,,98008862,"{'id': 98008862, 'pair': 'BIX_GUSD', 'price': '0.34130344', 'amount': '0.0002', 'time': 1539964575000, 'side': 2}",,0.34130344,sell,BIX/GUSD,,1539964575000,limit
94,0.0002,6.8260688e-05,2018-10-19T15:56:16.000Z,,98008868,"{'id': 98008868, 'pair': 'BIX_GUSD', 'price': '0.34130344', 'amount': '0.0002', 'time': 1539964576000, 'side': 2}",,0.34130344,sell,BIX/GUSD,,1539964576000,limit
95,0.0002,6.8260688e-05,2018-10-19T15:56:18.000Z,,98008879,"{'id': 98008879, 'pair': 'BIX_GUSD', 'price': '0.34130344', 'amount': '0.0002', 'time': 1539964578000, 'side': 2}",,0.34130344,sell,BIX/GUSD,,1539964578000,limit
96,0.0002,6.8260688e-05,2018-10-19T15:56:19.000Z,,98008888,"{'id': 98008888, 'pair': 'BIX_GUSD', 'price': '0.34130344', 'amount': '0.0002', 'time': 1539964579000, 'side': 2}",,0.34130344,sell,BIX/GUSD,,1539964579000,limit
97,0.0002,6.8260688e-05,2018-10-19T15:56:20.000Z,,98008899,"{'id': 98008899, 'pair': 'BIX_GUSD', 'price': '0.34130344', 'amount': '0.0002', 'time': 1539964580000, 'side': 2}",,0.34130344,sell,BIX/GUSD,,1539964580000,limit
98,0.0002,6.8260688e-05,2018-10-19T15:56:21.000Z,,98008909,"{'id': 98008909, 'pair': 'BIX_GUSD', 'price': '0.34130344', 'amount': '0.0002', 'time': 1539964581000, 'side': 2}",,0.34130344,sell,BIX/GUSD,,1539964581000,limit
99,0.0002,6.8260688e-05,2018-10-19T15:56:23.000Z,,98008924,"{'id': 98008924, 'pair': 'BIX_GUSD', 'price': '0.34130344', 'amount': '0.0002', 'time': 1539964583000, 'side': 2}",,0.34130344,sell,BIX/GUSD,,1539964583000,limit
100,0.0002,6.8260688e-05,2018-10-19T15:56:24.000Z,,98008926,"{'id': 98008926, 'pair': 'BIX_GUSD', 'price': '0.34130344', 'amount': '0.0002', 'time': 1539964584000, 'side': 2}",,0.34130344,sell,BIX/GUSD,,1539964584000,limit
101,0.0002,6.8260688e-05,2018-10-19T15:56:25.000Z,,98008932,"{'id': 98008932, 'pair': 'BIX_GUSD', 'price': '0.34130344', 'amount': '0.0002', 'time': 1539964585000, 'side': 2}",,0.34130344,sell,BIX/GUSD,,1539964585000,limit
102,0.0002,6.8260688e-05,2018-10-19T15:56:27.000Z,,98008945,"{'id': 98008945, 'pair': 'BIX_GUSD', 'price': '0.34130344', 'amount': '0.0002', 'time': 1539964587000, 'side': 2}",,0.34130344,sell,BIX/GUSD,,1539964587000,limit
103,0.0002,6.8260688e-05,2018-10-19T15:56:28.000Z,,98008960,"{'id': 98008960, 'pair': 'BIX_GUSD', 'price': '0.34130344', 'amount': '0.0002', 'time': 1539964588000, 'side': 2}",,0.34130344,sell,BIX/GUSD,,1539964588000,limit
104,0.0002,6.8260688e-05,2018-10-19T15:56:30.000Z,,98008972,"{'id': 98008972, 'pair': 'BIX_GUSD', 'price': '0.34130344', 'amount': '0.0002', 'time': 1539964590000, 'side': 2}",,0.34130344,sell,BIX/GUSD,,1539964590000,limit
105,0.0002,6.8260688e-05,2018-10-19T15:56:31.000Z,,98008976,"{'id': 98008976, 'pair': 'BIX_GUSD', 'price': '0.34130344', 'amount': '0.0002', 'time': 1539964591000, 'side': 2}",,0.34130344,sell,BIX/GUSD,,1539964591000,limit
106,0.0002,6.8260688e-05,2018-10-19T15:56:33.000Z,,98008984,"{'id': 98008984, 'pair': 'BIX_GUSD', 'price': '0.34130344', 'amount': '0.0002', 'time': 1539964593000, 'side': 2}",,0.34130344,sell,BIX/GUSD,,1539964593000,limit
107,0.0002,6.8260688e-05,2018-10-19T15:56:34.000Z,,98008994,"{'id': 98008994, 'pair': 'BIX_GUSD', 'price': '0.34130344', 'amount': '0.0002', 'time': 1539964594000, 'side': 2}",,0.34130344,sell,BIX/GUSD,,1539964594000,limit
108,0.0002,6.8260688e-05,2018-10-19T15:56:37.000Z,,98009009,"{'id': 98009009, 'pair': 'BIX_GUSD', 'price': '0.34130344', 'amount': '0.0002', 'time': 1539964597000, 'side': 2}",,0.34130344,sell,BIX/GUSD,,1539964597000,limit
109,0.0002,6.8260688e-05,2018-10-19T15:56:38.000Z,,98009025,"{'id': 98009025, 'pair': 'BIX_GUSD', 'price': '0.34130344', 'amount': '0.0002', 'time': 1539964598000, 'side': 2}",,0.34130344,sell,BIX/GUSD,,1539964598000,limit
110,0.0002,6.8260688e-05,2018-10-19T15:56:39.000Z,,98009031,"{'id': 98009031, 'pair': 'BIX_GUSD', 'price': '0.34130344', 'amount': '0.0002', 'time': 1539964599000, 'side': 2}",,0.34130344,sell,BIX/GUSD,,1539964599000,limit
111,0.0002,6.8260688e-05,2018-10-19T15:56:40.000Z,,98009040,"{'id': 98009040, 'pair': 'BIX_GUSD', 'price': '0.34130344', 'amount': '0.0002', 'time': 1539964600000, 'side': 2}",,0.34130344,sell,BIX/GUSD,,1539964600000,limit
112,0.0002,6.8260688e-05,2018-10-19T15:56:42.000Z,,98009055,"{'id': 98009055, 'pair': 'BIX_GUSD', 'price': '0.34130344', 'amount': '0.0002', 'time': 1539964602000, 'side': 2}",,0.34130344,sell,BIX/GUSD,,1539964602000,limit
113,0.0002,6.8260688e-05,2018-10-19T15:56:44.000Z,,98009073,"{'id': 98009073, 'pair': 'BIX_GUSD', 'price': '0.34130344', 'amount': '0.0002', 'time': 1539964604000, 'side': 2}",,0.34130344,sell,BIX/GUSD,,1539964604000,limit
114,0.0002,6.8260688e-05,2018-10-19T15:56:46.000Z,,98009092,"{'id': 98009092, 'pair': 'BIX_GUSD', 'price': '0.34130344', 'amount': '0.0002', 'time': 1539964606000, 'side': 2}",,0.34130344,sell,BIX/GUSD,,1539964606000,limit
115,0.0002,6.8260688e-05,2018-10-19T15:56:48.000Z,,98009108,"{'id': 98009108, 'pair': 'BIX_GUSD', 'price': '0.34130344', 'amount': '0.0002', 'time': 1539964608000, 'side': 2}",,0.34130344,sell,BIX/GUSD,,1539964608000,limit
116,0.0002,6.8260688e-05,2018-10-19T15:56:49.000Z,,98009117,"{'id': 98009117, 'pair': 'BIX_GUSD', 'price': '0.34130344', 'amount': '0.0002', 'time': 1539964609000, 'side': 2}",,0.34130344,sell,BIX/GUSD,,1539964609000,limit
117,0.0002,6.8260688e-05,2018-10-19T15:56:51.000Z,,98009125,"{'id': 98009125, 'pair': 'BIX_GUSD', 'price': '0.34130344', 'amount': '0.0002', 'time': 1539964611000, 'side': 2}",,0.34130344,sell,BIX/GUSD,,1539964611000,limit
118,0.0002,6.8260688e-05,2018-10-19T15:56:52.000Z,,98009128,"{'id': 98009128, 'pair': 'BIX_GUSD', 'price': '0.34130344', 'amount': '0.0002', 'time': 1539964612000, 'side': 2}",,0.34130344,sell,BIX/GUSD,,1539964612000,limit
119,0.0002,6.8260688e-05,2018-10-19T15:56:55.000Z,,98009154,"{'id': 98009154, 'pair': 'BIX_GUSD', 'price': '0.34130344', 'amount': '0.0002', 'time': 1539964615000, 'side': 2}",,0.34130344,sell,BIX/GUSD,,1539964615000,limit
120,0.0002,6.8260688e-05,2018-10-19T15:57:01.000Z,,98009216,"{'id': 98009216, 'pair': 'BIX_GUSD', 'price': '0.34130344', 'amount': '0.0002', 'time': 1539964621000, 'side': 2}",,0.34130344,sell,BIX/GUSD,,1539964621000,limit
121,0.0002,6.8260688e-05,2018-10-19T15:57:03.000Z,,98009228,"{'id': 98009228, 'pair': 'BIX_GUSD', 'price': '0.34130344', 'amount': '0.0002', 'time': 1539964623000, 'side': 2}",,0.34130344,sell,BIX/GUSD,,1539964623000,limit
122,0.0002,6.8260688e-05,2018-10-19T15:57:05.000Z,,98009236,"{'id': 98009236, 'pair': 'BIX_GUSD', 'price': '0.34130344', 'amount': '0.0002', 'time': 1539964625000, 'side': 2}",,0.34130344,sell,BIX/GUSD,,1539964625000,limit
123,0.0002,6.8260688e-05,2018-10-19T15:57:06.000Z,,98009248,"{'id': 98009248, 'pair': 'BIX_GUSD', 'price': '0.34130344', 'amount': '0.0002', 'time': 1539964626000, 'side': 2}",,0.34130344,sell,BIX/GUSD,,1539964626000,limit
124,0.0002,6.8260688e-05,2018-10-19T15:57:08.000Z,,98009258,"{'id': 98009258, 'pair': 'BIX_GUSD', 'price': '0.34130344', 'amount': '0.0002', 'time': 1539964628000, 'side': 2}",,0.34130344,sell,BIX/GUSD,,1539964628000,limit
125,0.0002,6.8260688e-05,2018-10-19T15:57:09.000Z,,98009263,"{'id': 98009263, 'pair': 'BIX_GUSD', 'price': '0.34130344', 'amount': '0.0002', 'time': 1539964629000, 'side': 2}",,0.34130344,sell,BIX/GUSD,,1539964629000,limit
126,0.0002,6.8260688e-05,2018-10-19T15:57:16.000Z,,98009315,"{'id': 98009315, 'pair': 'BIX_GUSD', 'price': '0.34130344', 'amount': '0.0002', 'time': 1539964636000, 'side': 2}",,0.34130344,sell,BIX/GUSD,,1539964636000,limit
127,0.0002,6.8260688e-05,2018-10-19T15:57:17.000Z,,98009326,"{'id': 98009326, 'pair': 'BIX_GUSD', 'price': '0.34130344', 'amount': '0.0002', 'time': 1539964637000, 'side': 2}",,0.34130344,sell,BIX/GUSD,,1539964637000,limit
128,0.0002,6.8260688e-05,2018-10-19T15:57:18.000Z,,98009333,"{'id': 98009333, 'pair': 'BIX_GUSD', 'price': '0.34130344', 'amount': '0.0002', 'time': 1539964638000, 'side': 2}",,0.34130344,sell,BIX/GUSD,,1539964638000,limit
129,0.0002,6.8260688e-05,2018-10-19T15:57:20.000Z,,98009353,"{'id': 98009353, 'pair': 'BIX_GUSD', 'price': '0.34130344', 'amount': '0.0002', 'time': 1539964640000, 'side': 2}",,0.34130344,sell,BIX/GUSD,,1539964640000,limit
130,0.0002,6.8260688e-05,2018-10-19T15:57:21.000Z,,98009362,"{'id': 98009362, 'pair': 'BIX_GUSD', 'price': '0.34130344', 'amount': '0.0002', 'time': 1539964641000, 'side': 2}",,0.34130344,sell,BIX/GUSD,,1539964641000,limit
131,0.0002,6.8260688e-05,2018-10-19T15:57:23.000Z,,98009375,"{'id': 98009375, 'pair': 'BIX_GUSD', 'price': '0.34130344', 'amount': '0.0002', 'time': 1539964643000, 'side': 2}",,0.34130344,sell,BIX/GUSD,,1539964643000,limit
132,0.0002,6.8260688e-05,2018-10-19T15:57:24.000Z,,98009385,"{'id': 98009385, 'pair': 'BIX_GUSD', 'price': '0.34130344', 'amount': '0.0002', 'time': 1539964644000, 'side': 2}",,0.34130344,sell,BIX/GUSD,,1539964644000,limit
133,0.0002,6.8260688e-05,2018-10-19T15:57:25.000Z,,98009386,"{'id': 98009386, 'pair': 'BIX_GUSD', 'price': '0.34130344', 'amount': '0.0002', 'time': 1539964645000, 'side': 2}",,0.34130344,sell,BIX/GUSD,,1539964645000,limit
134,0.0002,6.8260688e-05,2018-10-19T15:57:26.000Z,,98009402,"{'id': 98009402, 'pair': 'BIX_GUSD', 'price': '0.34130344', 'amount': '0.0002', 'time': 1539964646000, 'side': 2}",,0.34130344,sell,BIX/GUSD,,1539964646000,limit
135,0.0002,6.8260688e-05,2018-10-19T15:57:27.000Z,,98009412,"{'id': 98009412, 'pair': 'BIX_GUSD', 'price': '0.34130344', 'amount': '0.0002', 'time': 1539964647000, 'side': 2}",,0.34130344,sell,BIX/GUSD,,1539964647000,limit
136,0.0002,6.8260688e-05,2018-10-19T15:57:28.000Z,,98009432,"{'id': 98009432, 'pair': 'BIX_GUSD', 'price': '0.34130344', 'amount': '0.0002', 'time': 1539964648000, 'side': 2}",,0.34130344,sell,BIX/GUSD,,1539964648000,limit
137,0.0002,6.8260688e-05,2018-10-19T15:57:30.000Z,,98009435,"{'id': 98009435, 'pair': 'BIX_GUSD', 'price': '0.34130344', 'amount': '0.0002', 'time': 1539964650000, 'side': 2}",,0.34130344,sell,BIX/GUSD,,1539964650000,limit
138,0.0002,6.8260688e-05,2018-10-19T15:57:32.000Z,,98009447,"{'id': 98009447, 'pair': 'BIX_GUSD', 'price': '0.34130344', 'amount': '0.0002', 'time': 1539964652000, 'side': 2}",,0.34130344,sell,BIX/GUSD,,1539964652000,limit
139,0.0002,6.8260688e-05,2018-10-19T15:57:33.000Z,,98009460,"{'id': 98009460, 'pair': 'BIX_GUSD', 'price': '0.34130344', 'amount': '0.0002', 'time': 1539964653000, 'side': 2}",,0.34130344,sell,BIX/GUSD,,1539964653000,limit
140,0.0002,6.8260688e-05,2018-10-19T15:57:34.000Z,,98009481,"{'id': 98009481, 'pair': 'BIX_GUSD', 'price': '0.34130344', 'amount': '0.0002', 'time': 1539964654000, 'side': 2}",,0.34130344,sell,BIX/GUSD,,1539964654000,limit
141,0.0002,6.8260688e-05,2018-10-19T15:57:37.000Z,,98009496,"{'id': 98009496, 'pair': 'BIX_GUSD', 'price': '0.34130344', 'amount': '0.0002', 'time': 1539964657000, 'side': 2}",,0.34130344,sell,BIX/GUSD,,1539964657000,limit
142,0.0002,6.8260688e-05,2018-10-19T15:57:52.000Z,,98009606,"{'id': 98009606, 'pair': 'BIX_GUSD', 'price': '0.34130344', 'amount': '0.0002', 'time': 1539964672000, 'side': 2}",,0.34130344,sell,BIX/GUSD,,1539964672000,limit
143,0.0002,6.8260688e-05,2018-10-19T15:57:56.000Z,,98009630,"{'id': 98009630, 'pair': 'BIX_GUSD', 'price': '0.34130344', 'amount': '0.0002', 'time': 1539964676000, 'side': 2}",,0.34130344,sell,BIX/GUSD,,1539964676000,limit
144,0.0002,6.8260688e-05,2018-10-19T15:57:59.000Z,,98009640,"{'id': 98009640, 'pair': 'BIX_GUSD', 'price': '0.34130344', 'amount': '0.0002', 'time': 1539964679000, 'side': 2}",,0.34130344,sell,BIX/GUSD,,1539964679000,limit
145,0.0002,6.8260688e-05,2018-10-19T15:58:01.000Z,,98009658,"{'id': 98009658, 'pair': 'BIX_GUSD', 'price': '0.34130344', 'amount': '0.0002', 'time': 1539964681000, 'side': 2}",,0.34130344,sell,BIX/GUSD,,1539964681000,limit
146,0.0002,6.8260688e-05,2018-10-19T15:58:03.000Z,,98009674,"{'id': 98009674, 'pair': 'BIX_GUSD', 'price': '0.34130344', 'amount': '0.0002', 'time': 1539964683000, 'side': 2}",,0.34130344,sell,BIX/GUSD,,1539964683000,limit
147,0.0002,6.8260688e-05,2018-10-19T15:58:05.000Z,,98009692,"{'id': 98009692, 'pair': 'BIX_GUSD', 'price': '0.34130344', 'amount': '0.0002', 'time': 1539964685000, 'side': 2}",,0.34130344,sell,BIX/GUSD,,1539964685000,limit
148,0.0002,6.8260688e-05,2018-10-19T15:58:06.000Z,,98009699,"{'id': 98009699, 'pair': 'BIX_GUSD', 'price': '0.34130344', 'amount': '0.0002', 'time': 1539964686000, 'side': 2}",,0.34130344,sell,BIX/GUSD,,1539964686000,limit
149,0.0002,6.8260688e-05,2018-10-19T15:58:07.000Z,,98009701,"{'id': 98009701, 'pair': 'BIX_GUSD', 'price': '0.34130344', 'amount': '0.0002', 'time': 1539964687000, 'side': 2}",,0.34130344,sell,BIX/GUSD,,1539964687000,limit
150,0.0002,6.8260688e-05,2018-10-19T15:58:08.000Z,,98009704,"{'id': 98009704, 'pair': 'BIX_GUSD', 'price': '0.34130344', 'amount': '0.0002', 'time': 1539964688000, 'side': 2}",,0.34130344,sell,BIX/GUSD,,1539964688000,limit
151,0.0002,6.8260688e-05,2018-10-19T15:58:10.000Z,,98009713,"{'id': 98009713, 'pair': 'BIX_GUSD', 'price': '0.34130344', 'amount': '0.0002', 'time': 1539964690000, 'side': 2}",,0.34130344,sell,BIX/GUSD,,1539964690000,limit
152,0.0002,6.8260688e-05,2018-10-19T15:58:15.000Z,,98009728,"{'id': 98009728, 'pair': 'BIX_GUSD', 'price': '0.34130344', 'amount': '0.0002', 'time': 1539964695000, 'side': 2}",,0.34130344,sell,BIX/GUSD,,1539964695000,limit
153,0.0002,6.8260688e-05,2018-10-19T15:58:20.000Z,,98009775,"{'id': 98009775, 'pair': 'BIX_GUSD', 'price': '0.34130344', 'amount': '0.0002', 'time': 1539964700000, 'side': 2}",,0.34130344,sell,BIX/GUSD,,1539964700000,limit
154,0.0002,6.8260688e-05,2018-10-19T15:58:32.000Z,,98009852,"{'id': 98009852, 'pair': 'BIX_GUSD', 'price': '0.34130344', 'amount': '0.0002', 'time': 1539964712000, 'side': 2}",,0.34130344,sell,BIX/GUSD,,1539964712000,limit
155,0.0002,6.8260688e-05,2018-10-19T15:58:36.000Z,,98009886,"{'id': 98009886, 'pair': 'BIX_GUSD', 'price': '0.34130344', 'amount': '0.0002', 'time': 1539964716000, 'side': 2}",,0.34130344,sell,BIX/GUSD,,1539964716000,limit
156,0.0002,6.8260688e-05,2018-10-19T15:58:43.000Z,,98009950,"{'id': 98009950, 'pair': 'BIX_GUSD', 'price': '0.34130344', 'amount': '0.0002', 'time': 1539964723000, 'side': 2}",,0.34130344,sell,BIX/GUSD,,1539964723000,limit
157,0.0002,6.8260688e-05,2018-10-19T15:58:44.000Z,,98009953,"{'id': 98009953, 'pair': 'BIX_GUSD', 'price': '0.34130344', 'amount': '0.0002', 'time': 1539964724000, 'side': 2}",,0.34130344,sell,BIX/GUSD,,1539964724000,limit
158,0.0002,6.8260688e-05,2018-10-19T15:58:46.000Z,,98009969,"{'id': 98009969, 'pair': 'BIX_GUSD', 'price': '0.34130344', 'amount': '0.0002', 'time': 1539964726000, 'side': 2}",,0.34130344,sell,BIX/GUSD,,1539964726000,limit
159,0.0002,6.8260688e-05,2018-10-19T15:58:49.000Z,,98009993,"{'id': 98009993, 'pair': 'BIX_GUSD', 'price': '0.34130344', 'amount': '0.0002', 'time': 1539964729000, 'side': 2}",,0.34130344,sell,BIX/GUSD,,1539964729000,limit
160,0.0002,6.8260688e-05,2018-10-19T15:58:51.000Z,,98010005,"{'id': 98010005, 'pair': 'BIX_GUSD', 'price': '0.34130344', 'amount': '0.0002', 'time': 1539964731000, 'side': 2}",,0.34130344,sell,BIX/GUSD,,1539964731000,limit
161,0.0002,6.8260688e-05,2018-10-19T15:58:52.000Z,,98010019,"{'id': 98010019, 'pair': 'BIX_GUSD', 'price': '0.34130344', 'amount': '0.0002', 'time': 1539964732000, 'side': 2}",,0.34130344,sell,BIX/GUSD,,1539964732000,limit
162,0.0002,6.8260688e-05,2018-10-19T15:58:53.000Z,,98010030,"{'id': 98010030, 'pair': 'BIX_GUSD', 'price': '0.34130344', 'amount': '0.0002', 'time': 1539964733000, 'side': 2}",,0.34130344,sell,BIX/GUSD,,1539964733000,limit
163,0.0002,6.8260688e-05,2018-10-19T15:58:54.000Z,,98010038,"{'id': 98010038, 'pair': 'BIX_GUSD', 'price': '0.34130344', 'amount': '0.0002', 'time': 1539964734000, 'side': 2}",,0.34130344,sell,BIX/GUSD,,1539964734000,limit
164,0.0002,6.8260688e-05,2018-10-19T15:58:55.000Z,,98010056,"{'id': 98010056, 'pair': 'BIX_GUSD', 'price': '0.34130344', 'amount': '0.0002', 'time': 1539964735000, 'side': 2}",,0.34130344,sell,BIX/GUSD,,1539964735000,limit
165,0.0002,6.8260688e-05,2018-10-19T15:58:56.000Z,,98010061,"{'id': 98010061, 'pair': 'BIX_GUSD', 'price': '0.34130344', 'amount': '0.0002', 'time': 1539964736000, 'side': 2}",,0.34130344,sell,BIX/GUSD,,1539964736000,limit
166,0.0002,6.8260688e-05,2018-10-19T15:58:58.000Z,,98010073,"{'id': 98010073, 'pair': 'BIX_GUSD', 'price': '0.34130344', 'amount': '0.0002', 'time': 1539964738000, 'side': 2}",,0.34130344,sell,BIX/GUSD,,1539964738000,limit
167,0.0002,6.8260688e-05,2018-10-19T15:58:59.000Z,,98010081,"{'id': 98010081, 'pair': 'BIX_GUSD', 'price': '0.34130344', 'amount': '0.0002', 'time': 1539964739000, 'side': 2}",,0.34130344,sell,BIX/GUSD,,1539964739000,limit
168,0.0002,6.8260688e-05,2018-10-19T15:59:00.000Z,,98010091,"{'id': 98010091, 'pair': 'BIX_GUSD', 'price': '0.34130344', 'amount': '0.0002', 'time': 1539964740000, 'side': 2}",,0.34130344,sell,BIX/GUSD,,1539964740000,limit
169,0.0002,6.8260688e-05,2018-10-19T15:59:01.000Z,,98010095,"{'id': 98010095, 'pair': 'BIX_GUSD', 'price': '0.34130344', 'amount': '0.0002', 'time': 1539964741000, 'side': 2}",,0.34130344,sell,BIX/GUSD,,1539964741000,limit
170,0.0002,6.8260688e-05,2018-10-19T15:59:02.000Z,,98010101,"{'id': 98010101, 'pair': 'BIX_GUSD', 'price': '0.34130344', 'amount': '0.0002', 'time': 1539964742000, 'side': 2}",,0.34130344,sell,BIX/GUSD,,1539964742000,limit
171,0.0002,6.8260688e-05,2018-10-19T15:59:04.000Z,,98010108,"{'id': 98010108, 'pair': 'BIX_GUSD', 'price': '0.34130344', 'amount': '0.0002', 'time': 1539964744000, 'side': 2}",,0.34130344,sell,BIX/GUSD,,1539964744000,limit
172,0.0002,6.8260688e-05,2018-10-19T15:59:05.000Z,,98010110,"{'id': 98010110, 'pair': 'BIX_GUSD', 'price': '0.34130344', 'amount': '0.0002', 'time': 1539964745000, 'side': 2}",,0.34130344,sell,BIX/GUSD,,1539964745000,limit
173,0.0002,6.8260688e-05,2018-10-19T15:59:06.000Z,,98010119,"{'id': 98010119, 'pair': 'BIX_GUSD', 'price': '0.34130344', 'amount': '0.0002', 'time': 1539964746000, 'side': 2}",,0.34130344,sell,BIX/GUSD,,1539964746000,limit
174,0.0002,6.8260688e-05,2018-10-19T15:59:07.000Z,,98010126,"{'id': 98010126, 'pair': 'BIX_GUSD', 'price': '0.34130344', 'amount': '0.0002', 'time': 1539964747000, 'side': 2}",,0.34130344,sell,BIX/GUSD,,1539964747000,limit
175,0.0002,6.8260688e-05,2018-10-19T15:59:08.000Z,,98010132,"{'id': 98010132, 'pair': 'BIX_GUSD', 'price': '0.34130344', 'amount': '0.0002', 'time': 1539964748000, 'side': 2}",,0.34130344,sell,BIX/GUSD,,1539964748000,limit
176,0.0002,6.8260688e-05,2018-10-19T15:59:10.000Z,,98010139,"{'id': 98010139, 'pair': 'BIX_GUSD', 'price': '0.34130344', 'amount': '0.0002', 'time': 1539964750000, 'side': 2}",,0.34130344,sell,BIX/GUSD,,1539964750000,limit
177,0.0002,6.8260688e-05,2018-10-19T15:59:12.000Z,,98010164,"{'id': 98010164, 'pair': 'BIX_GUSD', 'price': '0.34130344', 'amount': '0.0002', 'time': 1539964752000, 'side': 2}",,0.34130344,sell,BIX/GUSD,,1539964752000,limit
178,0.0002,6.8260688e-05,2018-10-19T15:59:13.000Z,,98010172,"{'id': 98010172, 'pair': 'BIX_GUSD', 'price': '0.34130344', 'amount': '0.0002', 'time': 1539964753000, 'side': 2}",,0.34130344,sell,BIX/GUSD,,1539964753000,limit
179,0.0002,6.8260688e-05,2018-10-19T15:59:14.000Z,,98010174,"{'id': 98010174, 'pair': 'BIX_GUSD', 'price': '0.34130344', 'amount': '0.0002', 'time': 1539964754000, 'side': 2}",,0.34130344,sell,BIX/GUSD,,1539964754000,limit
180,0.0002,6.8260688e-05,2018-10-19T15:59:16.000Z,,98010190,"{'id': 98010190, 'pair': 'BIX_GUSD', 'price': '0.34130344', 'amount': '0.0002', 'time': 1539964756000, 'side': 2}",,0.34130344,sell,BIX/GUSD,,1539964756000,limit
181,0.0002,6.8260688e-05,2018-10-19T15:59:17.000Z,,98010199,"{'id': 98010199, 'pair': 'BIX_GUSD', 'price': '0.34130344', 'amount': '0.0002', 'time': 1539964757000, 'side': 2}",,0.34130344,sell,BIX/GUSD,,1539964757000,limit
182,0.0002,6.8260688e-05,2018-10-19T15:59:18.000Z,,98010211,"{'id': 98010211, 'pair': 'BIX_GUSD', 'price': '0.34130344', 'amount': '0.0002', 'time': 1539964758000, 'side': 2}",,0.34130344,sell,BIX/GUSD,,1539964758000,limit
183,0.0002,6.8260688e-05,2018-10-19T15:59:20.000Z,,98010223,"{'id': 98010223, 'pair': 'BIX_GUSD', 'price': '0.34130344', 'amount': '0.0002', 'time': 1539964760000, 'side': 2}",,0.34130344,sell,BIX/GUSD,,1539964760000,limit
184,0.0002,6.8260688e-05,2018-10-19T15:59:22.000Z,,98010231,"{'id': 98010231, 'pair': 'BIX_GUSD', 'price': '0.34130344', 'amount': '0.0002', 'time': 1539964762000, 'side': 2}",,0.34130344,sell,BIX/GUSD,,1539964762000,limit
185,0.0002,6.8260688e-05,2018-10-19T15:59:23.000Z,,98010234,"{'id': 98010234, 'pair': 'BIX_GUSD', 'price': '0.34130344', 'amount': '0.0002', 'time': 1539964763000, 'side': 2}",,0.34130344,sell,BIX/GUSD,,1539964763000,limit
186,0.0002,6.8260688e-05,2018-10-19T15:59:25.000Z,,98010243,"{'id': 98010243, 'pair': 'BIX_GUSD', 'price': '0.34130344', 'amount': '0.0002', 'time': 1539964765000, 'side': 2}",,0.34130344,sell,BIX/GUSD,,1539964765000,limit
187,0.0002,6.8260688e-05,2018-10-19T15:59:28.000Z,,98010302,"{'id': 98010302, 'pair': 'BIX_GUSD', 'price': '0.34130344', 'amount': '0.0002', 'time': 1539964768000, 'side': 2}",,0.34130344,sell,BIX/GUSD,,1539964768000,limit
188,0.0002,6.8260688e-05,2018-10-19T15:59:29.000Z,,98010303,"{'id': 98010303, 'pair': 'BIX_GUSD', 'price': '0.34130344', 'amount': '0.0002', 'time': 1539964769000, 'side': 2}",,0.34130344,sell,BIX/GUSD,,1539964769000,limit
189,0.0002,6.8260688e-05,2018-10-19T15:59:31.000Z,,98010310,"{'id': 98010310, 'pair': 'BIX_GUSD', 'price': '0.34130344', 'amount': '0.0002', 'time': 1539964771000, 'side': 2}",,0.34130344,sell,BIX/GUSD,,1539964771000,limit
190,0.0002,6.8260688e-05,2018-10-19T15:59:33.000Z,,98010331,"{'id': 98010331, 'pair': 'BIX_GUSD', 'price': '0.34130344', 'amount': '0.0002', 'time': 1539964773000, 'side': 2}",,0.34130344,sell,BIX/GUSD,,1539964773000,limit
191,0.0002,6.8260688e-05,2018-10-19T15:59:35.000Z,,98010339,"{'id': 98010339, 'pair': 'BIX_GUSD', 'price': '0.34130344', 'amount': '0.0002', 'time': 1539964775000, 'side': 2}",,0.34130344,sell,BIX/GUSD,,1539964775000,limit
192,0.0002,6.8260688e-05,2018-10-19T15:59:48.000Z,,98010423,"{'id': 98010423, 'pair': 'BIX_GUSD', 'price': '0.34130344', 'amount': '0.0002', 'time': 1539964788000, 'side': 2}",,0.34130344,sell,BIX/GUSD,,1539964788000,limit
193,0.0002,6.8260688e-05,2018-10-19T15:59:52.000Z,,98010448,"{'id': 98010448, 'pair': 'BIX_GUSD', 'price': '0.34130344', 'amount': '0.0002', 'time': 1539964792000, 'side': 2}",,0.34130344,sell,BIX/GUSD,,1539964792000,limit
194,0.0002,6.8260688e-05,2018-10-19T15:59:57.000Z,,98010465,"{'id': 98010465, 'pair': 'BIX_GUSD', 'price': '0.34130344', 'amount': '0.0002', 'time': 1539964797000, 'side': 2}",,0.34130344,sell,BIX/GUSD,,1539964797000,limit
195,0.0002,6.8260688e-05,2018-10-19T15:59:58.000Z,,98010480,"{'id': 98010480, 'pair': 'BIX_GUSD', 'price': '0.34130344', 'amount': '0.0002', 'time': 1539964798000, 'side': 2}",,0.34130344,sell,BIX/GUSD,,1539964798000,limit
196,0.0002,6.8260688e-05,2018-10-19T16:00:00.000Z,,98010503,"{'id': 98010503, 'pair': 'BIX_GUSD', 'price': '0.34130344', 'amount': '0.0002', 'time': 1539964800000, 'side': 2}",,0.34130344,sell,BIX/GUSD,,1539964800000,limit
197,0.0002,6.8260688e-05,2018-10-19T16:00:01.000Z,,98010520,"{'id': 98010520, 'pair': 'BIX_GUSD', 'price': '0.34130344', 'amount': '0.0002', 'time': 1539964801000, 'side': 2}",,0.34130344,sell,BIX/GUSD,,1539964801000,limit
198,51.2893,17.764532713099,2018-10-19T16:28:35.000Z,,98022316,"{'id': 98022316, 'pair': 'BIX_GUSD', 'price': '0.34635943', 'amount': '51.2893', 'time': 1539966515000, 'side': 1}",,0.34635943,buy,BIX/GUSD,,1539966515000,limit
199,56.4551,19.277357167952,2018-10-19T16:48:58.000Z,,98032865,"{'id': 98032865, 'pair': 'BIX_GUSD', 'price': '0.34146352', 'amount': '56.4551', 'time': 1539967738000, 'side': 2}",,0.34146352,sell,BIX/GUSD,,1539967738000,limit
