date,Open,High,Low,Close,Volume
2018-10-29 15:09:00,0.33882447,0.33882447,0.33882447,0.33882447,0
2018-10-29 15:08:00,0.33882447,0.33882447,0.33882447,0.33882447,0
2018-10-29 15:07:00,0.33882447,0.33882447,0.33882447,0.33882447,0
2018-10-29 15:06:00,0.33882447,0.33882447,0.33882447,0.33882447,0
2018-10-29 15:05:00,0.33882447,0.33882447,0.33882447,0.33882447,0
2018-10-29 15:04:00,0.33882447,0.33882447,0.33882447,0.33882447,0
2018-10-29 15:03:00,0.33882447,0.33882447,0.33882447,0.33882447,0
2018-10-29 15:02:00,0.33882447,0.33882447,0.33882447,0.33882447,0
2018-10-29 15:01:00,0.33882447,0.33882447,0.33882447,0.33882447,0
2018-10-29 15:00:00,0.33882447,0.33882447,0.33882447,0.33882447,0
2018-10-29 14:59:00,0.33882447,0.33882447,0.33882447,0.33882447,0
2018-10-29 14:58:00,0.33882447,0.33882447,0.33882447,0.33882447,0
2018-10-29 14:57:00,0.33882447,0.33882447,0.33882447,0.33882447,0
2018-10-29 14:56:00,0.33882447,0.33882447,0.33882447,0.33882447,0
2018-10-29 14:55:00,0.33882447,0.33882447,0.33882447,0.33882447,0
2018-10-29 14:54:00,0.33882447,0.33882447,0.33882447,0.33882447,0
2018-10-29 14:53:00,0.33882447,0.33882447,0.33882447,0.33882447,0
2018-10-29 14:52:00,0.33882447,0.33882447,0.33882447,0.33882447,0
2018-10-29 14:51:00,0.33882447,0.33882447,0.33882447,0.33882447,0
2018-10-29 14:50:00,0.33882447,0.33882447,0.33882447,0.33882447,0
2018-10-29 14:49:00,0.33882447,0.33882447,0.33882447,0.33882447,0
2018-10-29 14:48:00,0.33882447,0.33882447,0.33882447,0.33882447,0
2018-10-29 14:47:00,0.33882447,0.33882447,0.33882447,0.33882447,0
2018-10-29 14:46:00,0.33882447,0.33882447,0.33882447,0.33882447,0
2018-10-29 14:45:00,0.33882447,0.33882447,0.33882447,0.33882447,0
2018-10-29 14:44:00,0.33882447,0.33882447,0.33882447,0.33882447,0
2018-10-29 14:43:00,0.33882447,0.33882447,0.33882447,0.33882447,0
2018-10-29 14:42:00,0.33882447,0.33882447,0.33882447,0.33882447,0
2018-10-29 14:41:00,0.33882447,0.33882447,0.33882447,0.33882447,0
2018-10-29 14:40:00,0.33882447,0.33882447,0.33882447,0.33882447,0
2018-10-29 14:39:00,0.33882447,0.33882447,0.33882447,0.33882447,0
2018-10-29 14:38:00,0.33882447,0.33882447,0.33882447,0.33882447,0
2018-10-29 14:37:00,0.33882447,0.33882447,0.33882447,0.33882447,0
2018-10-29 14:36:00,0.33882447,0.33882447,0.33882447,0.33882447,0
2018-10-29 14:35:00,0.33882447,0.33882447,0.33882447,0.33882447,0
2018-10-29 14:34:00,0.33882447,0.33882447,0.33882447,0.33882447,0
2018-10-29 14:33:00,0.33882447,0.33882447,0.33882447,0.33882447,0
2018-10-29 14:32:00,0.33882447,0.33882447,0.33882447,0.33882447,0
2018-10-29 14:31:00,0.33882447,0.33882447,0.33882447,0.33882447,0
2018-10-29 14:30:00,0.33882447,0.33882447,0.33882447,0.33882447,0
2018-10-29 14:29:00,0.33882447,0.33882447,0.33882447,0.33882447,0
2018-10-29 14:28:00,0.33882447,0.33882447,0.33882447,0.33882447,0
2018-10-29 14:27:00,0.33882447,0.33882447,0.33882447,0.33882447,0
2018-10-29 14:26:00,0.33882447,0.33882447,0.33882447,0.33882447,0
2018-10-29 14:25:00,0.33882447,0.33882447,0.33882447,0.33882447,0
2018-10-29 14:24:00,0.33882447,0.33882447,0.33882447,0.33882447,0
2018-10-29 14:23:00,0.33882447,0.33882447,0.33882447,0.33882447,0
2018-10-29 14:22:00,0.33882447,0.33882447,0.33882447,0.33882447,0
2018-10-29 14:21:00,0.33882447,0.33882447,0.33882447,0.33882447,0
2018-10-29 14:20:00,0.33882447,0.33882447,0.33882447,0.33882447,0
2018-10-29 14:19:00,0.33882447,0.33882447,0.33882447,0.33882447,0
2018-10-29 14:18:00,0.33882447,0.33882447,0.33882447,0.33882447,0
2018-10-29 14:17:00,0.33882447,0.33882447,0.33882447,0.33882447,0
2018-10-29 14:16:00,0.33882447,0.33882447,0.33882447,0.33882447,0
2018-10-29 14:15:00,0.33882447,0.33882447,0.33882447,0.33882447,0
2018-10-29 14:14:00,0.33882447,0.33882447,0.33882447,0.33882447,0
2018-10-29 14:13:00,0.33882447,0.33882447,0.33882447,0.33882447,0
2018-10-29 14:12:00,0.33882447,0.33882447,0.33882447,0.33882447,0
2018-10-29 14:11:00,0.33882447,0.33882447,0.33882447,0.33882447,24.0099
2018-10-29 14:10:00,0.3385,0.3385,0.3385,0.3385,0
2018-10-29 14:09:00,0.3385,0.3385,0.3385,0.3385,0
2018-10-29 14:08:00,0.3385,0.3385,0.3385,0.3385,0
2018-10-29 14:07:00,0.3385,0.3385,0.3385,0.3385,0
2018-10-29 14:06:00,0.3385,0.3385,0.3385,0.3385,0
2018-10-29 14:05:00,0.3385,0.3385,0.3385,0.3385,0
2018-10-29 14:04:00,0.3385,0.3385,0.3385,0.3385,0
2018-10-29 14:03:00,0.3385,0.3385,0.3385,0.3385,0
2018-10-29 14:02:00,0.3385,0.3385,0.3385,0.3385,0
2018-10-29 14:01:00,0.3385,0.3385,0.3385,0.3385,0
2018-10-29 14:00:00,0.3385,0.3385,0.3385,0.3385,0
2018-10-29 13:59:00,0.3385,0.3385,0.3385,0.3385,0
2018-10-29 13:58:00,0.3385,0.3385,0.3385,0.3385,0
2018-10-29 13:57:00,0.3385,0.3385,0.3385,0.3385,0
2018-10-29 13:56:00,0.3385,0.3385,0.3385,0.3385,0
2018-10-29 13:55:00,0.3385,0.3385,0.3385,0.3385,0
2018-10-29 13:54:00,0.3385,0.3385,0.3385,0.3385,0
2018-10-29 13:53:00,0.3385,0.3385,0.3385,0.3385,0
2018-10-29 13:52:00,0.3385,0.3385,0.3385,0.3385,0
2018-10-29 13:51:00,0.3385,0.3385,0.3385,0.3385,0
2018-10-29 13:50:00,0.3385,0.3385,0.3385,0.3385,0
2018-10-29 13:49:00,0.3385,0.3385,0.3385,0.3385,0
2018-10-29 13:48:00,0.3385,0.3385,0.3385,0.3385,0
2018-10-29 13:47:00,0.3385,0.3385,0.3385,0.3385,0
2018-10-29 13:46:00,0.3385,0.3385,0.3385,0.3385,0
2018-10-29 13:45:00,0.3385,0.3385,0.3385,0.3385,0
2018-10-29 13:44:00,0.3385,0.3385,0.3385,0.3385,0
2018-10-29 13:43:00,0.3385,0.3385,0.3385,0.3385,0
2018-10-29 13:42:00,0.3385,0.3385,0.3385,0.3385,0
2018-10-29 13:41:00,0.3385,0.3385,0.3385,0.3385,0
2018-10-29 13:40:00,0.3385,0.3385,0.3385,0.3385,0
2018-10-29 13:39:00,0.3385,0.3385,0.3385,0.3385,0
2018-10-29 13:38:00,0.3385,0.3385,0.3385,0.3385,0
2018-10-29 13:37:00,0.3385,0.3385,0.3385,0.3385,0
2018-10-29 13:36:00,0.3385,0.3385,0.3385,0.3385,0
2018-10-29 13:35:00,0.3385,0.3385,0.3385,0.3385,0
2018-10-29 13:34:00,0.3385,0.3385,0.3385,0.3385,0
2018-10-29 13:33:00,0.3385,0.3385,0.3385,0.3385,0
2018-10-29 13:32:00,0.3385,0.3385,0.3385,0.3385,0
2018-10-29 13:31:00,0.3385,0.3385,0.3385,0.3385,0
2018-10-29 13:30:00,0.3385,0.3385,0.3385,0.3385,0
2018-10-29 13:29:00,0.32223668,0.3385,0.32223668,0.3385,2.0279
2018-10-29 13:28:00,0.34366563,0.34366563,0.34366563,0.34366563,0
2018-10-29 13:27:00,0.34366563,0.34366563,0.34366563,0.34366563,0
2018-10-29 13:26:00,0.34366563,0.34366563,0.34366563,0.34366563,0
2018-10-29 13:25:00,0.34366563,0.34366563,0.34366563,0.34366563,0
2018-10-29 13:24:00,0.34366563,0.34366563,0.34366563,0.34366563,0
2018-10-29 13:23:00,0.34366563,0.34366563,0.34366563,0.34366563,0
2018-10-29 13:22:00,0.34366563,0.34366563,0.34366563,0.34366563,0
2018-10-29 13:21:00,0.34366563,0.34366563,0.34366563,0.34366563,0
2018-10-29 13:20:00,0.34366563,0.34366563,0.34366563,0.34366563,0
2018-10-29 13:19:00,0.34366563,0.34366563,0.34366563,0.34366563,0
2018-10-29 13:18:00,0.34366563,0.34366563,0.34366563,0.34366563,0
2018-10-29 13:17:00,0.34366563,0.34366563,0.34366563,0.34366563,0
2018-10-29 13:16:00,0.34366563,0.34366563,0.34366563,0.34366563,0
2018-10-29 13:15:00,0.34366563,0.34366563,0.34366563,0.34366563,0
2018-10-29 13:14:00,0.34366563,0.34366563,0.34366563,0.34366563,0
2018-10-29 13:13:00,0.34366563,0.34366563,0.34366563,0.34366563,0
2018-10-29 13:12:00,0.34366563,0.34366563,0.34366563,0.34366563,0
2018-10-29 13:11:00,0.34366563,0.34366563,0.34366563,0.34366563,0
2018-10-29 13:10:00,0.34366563,0.34366563,0.34366563,0.34366563,120.762286
2018-10-29 13:09:00,0.34356564,0.34356564,0.34356564,0.34356564,127.86885919
2018-10-29 13:08:00,0.34356564,0.34356564,0.34356564,0.34356564,0
2018-10-29 13:07:00,0.34356564,0.34356564,0.34356564,0.34356564,0
2018-10-29 13:06:00,0.34356564,0.34356564,0.34356564,0.34356564,62.3553216
2018-10-29 13:05:00,0.34356564,0.34356564,0.34356564,0.34356564,0
2018-10-29 13:04:00,0.34356564,0.34356564,0.34356564,0.34356564,28.5505792
2018-10-29 13:03:00,0.34336565,0.34336565,0.34336565,0.34336565,0
2018-10-29 13:02:00,0.34336565,0.34336565,0.34336565,0.34336565,98.28969039
2018-10-29 13:01:00,0.34406559,0.34406559,0.34406559,0.34406559,0
2018-10-29 13:00:00,0.34406559,0.34406559,0.34406559,0.34406559,0
2018-10-29 12:59:00,0.34406559,0.34406559,0.34406559,0.34406559,0
2018-10-29 12:58:00,0.34406559,0.34406559,0.34406559,0.34406559,100.352266
2018-10-29 12:57:00,0.34436556,0.34436556,0.34436556,0.34436556,0
2018-10-29 12:56:00,0.34436556,0.34436556,0.34436556,0.34436556,119.429022
2018-10-29 12:55:00,0.34376562,0.34376562,0.34376562,0.34376562,0
2018-10-29 12:54:00,0.34376562,0.34376562,0.34376562,0.34376562,0
2018-10-29 12:53:00,0.34376562,0.34376562,0.34376562,0.34376562,180.86437499
2018-10-29 12:52:00,0.34436556,0.34436556,0.34436556,0.34436556,0
2018-10-29 12:51:00,0.34436556,0.34436556,0.34436556,0.34436556,0
2018-10-29 12:50:00,0.34436556,0.34436556,0.34436556,0.34436556,0
2018-10-29 12:49:00,0.34436556,0.34436556,0.34436556,0.34436556,113.7351872
2018-10-29 12:48:00,0.34386561,0.34386561,0.34386561,0.34386561,0
2018-10-29 12:47:00,0.34386561,0.34386561,0.34386561,0.34386561,0
2018-10-29 12:46:00,0.34386561,0.34386561,0.34386561,0.34386561,122.875167
2018-10-29 12:45:00,0.34326567,0.34326567,0.34326567,0.34326567,0
2018-10-29 12:44:00,0.34326567,0.34326567,0.34326567,0.34326567,93.3386006
2018-10-29 12:43:00,0.33848549,0.33848549,0.33848549,0.33848549,0
2018-10-29 12:42:00,0.33848549,0.33848549,0.33848549,0.33848549,0
2018-10-29 12:41:00,0.33848549,0.33848549,0.33848549,0.33848549,0
2018-10-29 12:40:00,0.33848549,0.33848549,0.33848549,0.33848549,65.9328
2018-10-29 12:39:00,0.33923696,0.33923696,0.33923696,0.33923696,0
2018-10-29 12:38:00,0.33923696,0.33923696,0.33923696,0.33923696,29.2
2018-10-29 12:37:00,0.34042191,0.34042191,0.34042191,0.34042191,0
2018-10-29 12:36:00,0.34042191,0.34042191,0.34042191,0.34042191,0
2018-10-29 12:35:00,0.34042191,0.34042191,0.34042191,0.34042191,0
2018-10-29 12:34:00,0.34042191,0.34042191,0.34042191,0.34042191,0
2018-10-29 12:33:00,0.34042191,0.34042191,0.34042191,0.34042191,0
2018-10-29 12:32:00,0.34042191,0.34042191,0.34042191,0.34042191,0
2018-10-29 12:31:00,0.34042191,0.34042191,0.34042191,0.34042191,0
2018-10-29 12:30:00,0.34042191,0.34042191,0.34042191,0.34042191,0
2018-10-29 12:29:00,0.34042191,0.34042191,0.34042191,0.34042191,0
2018-10-29 12:28:00,0.34042191,0.34042191,0.34042191,0.34042191,0
2018-10-29 12:27:00,0.34042191,0.34042191,0.34042191,0.34042191,0
2018-10-29 12:26:00,0.34042191,0.34042191,0.34042191,0.34042191,0
2018-10-29 12:25:00,0.34042191,0.34042191,0.34042191,0.34042191,0
2018-10-29 12:24:00,0.34042191,0.34042191,0.34042191,0.34042191,0
2018-10-29 12:23:00,0.34042191,0.34042191,0.34042191,0.34042191,0
2018-10-29 12:22:00,0.34042191,0.34042191,0.34042191,0.34042191,0
2018-10-29 12:21:00,0.34042191,0.34042191,0.34042191,0.34042191,0
2018-10-29 12:20:00,0.34042191,0.34042191,0.34042191,0.34042191,0
2018-10-29 12:19:00,0.34042191,0.34042191,0.34042191,0.34042191,0
2018-10-29 12:18:00,0.34042191,0.34042191,0.34042191,0.34042191,0
2018-10-29 12:17:00,0.34042191,0.34042191,0.34042191,0.34042191,0
2018-10-29 12:16:00,0.34042191,0.34042191,0.34042191,0.34042191,0
2018-10-29 12:15:00,0.34042191,0.34042191,0.34042191,0.34042191,0
2018-10-29 12:14:00,0.34042191,0.34042191,0.34042191,0.34042191,0
2018-10-29 12:13:00,0.34042191,0.34042191,0.34042191,0.34042191,0
2018-10-29 12:12:00,0.34042191,0.34042191,0.34042191,0.34042191,0
2018-10-29 12:11:00,0.34042191,0.34042191,0.34042191,0.34042191,0
2018-10-29 12:10:00,0.34042191,0.34042191,0.34042191,0.34042191,0
2018-10-29 12:09:00,0.34042191,0.34042191,0.34042191,0.34042191,0
2018-10-29 12:08:00,0.34042191,0.34042191,0.34042191,0.34042191,0
2018-10-29 12:07:00,0.34042191,0.34042191,0.34042191,0.34042191,0
2018-10-29 12:06:00,0.34042191,0.34042191,0.34042191,0.34042191,0
2018-10-29 12:05:00,0.34042191,0.34042191,0.34042191,0.34042191,0
2018-10-29 12:04:00,0.34042191,0.34042191,0.34042191,0.34042191,0
2018-10-29 12:03:00,0.34042191,0.34042191,0.34042191,0.34042191,0
2018-10-29 12:02:00,0.34042191,0.34042191,0.34042191,0.34042191,0
2018-10-29 12:01:00,0.34042191,0.34042191,0.34042191,0.34042191,0
2018-10-29 12:00:00,0.34042191,0.34042191,0.34042191,0.34042191,0
2018-10-29 11:59:00,0.34042191,0.34042191,0.34042191,0.34042191,0
2018-10-29 11:58:00,0.34042191,0.34042191,0.34042191,0.34042191,0
2018-10-29 11:57:00,0.34042191,0.34042191,0.34042191,0.34042191,0
2018-10-29 11:56:00,0.34042191,0.34042191,0.34042191,0.34042191,0
2018-10-29 11:55:00,0.34042191,0.34042191,0.34042191,0.34042191,0
2018-10-29 11:54:00,0.34042191,0.34042191,0.34042191,0.34042191,0
2018-10-29 11:53:00,0.34042191,0.34042191,0.34042191,0.34042191,0
2018-10-29 11:52:00,0.34042191,0.34042191,0.34042191,0.34042191,0
2018-10-29 11:51:00,0.34042191,0.34042191,0.34042191,0.34042191,0
2018-10-29 11:50:00,0.34042191,0.34042191,0.34042191,0.34042191,0
2018-10-29 11:49:00,0.34042191,0.34042191,0.34042191,0.34042191,0
2018-10-29 11:48:00,0.34042191,0.34042191,0.34042191,0.34042191,0
2018-10-29 11:47:00,0.34042191,0.34042191,0.34042191,0.34042191,0
2018-10-29 11:46:00,0.34042191,0.34042191,0.34042191,0.34042191,0
2018-10-29 11:45:00,0.34042191,0.34042191,0.34042191,0.34042191,0
2018-10-29 11:44:00,0.34042191,0.34042191,0.34042191,0.34042191,0
2018-10-29 11:43:00,0.34042191,0.34042191,0.34042191,0.34042191,0
2018-10-29 11:42:00,0.34042191,0.34042191,0.34042191,0.34042191,0
2018-10-29 11:41:00,0.34042191,0.34042191,0.34042191,0.34042191,59.6052
2018-10-29 11:40:00,0.34042192,0.34042192,0.34042192,0.34042192,0
2018-10-29 11:39:00,0.34042192,0.34042192,0.34042192,0.34042192,0
2018-10-29 11:38:00,0.34042192,0.34042192,0.34042192,0.34042192,0
2018-10-29 11:37:00,0.34042192,0.34042192,0.34042192,0.34042192,29.008
2018-10-29 11:36:00,0.34190488,0.34190488,0.34190488,0.34190488,0
2018-10-29 11:35:00,0.34190488,0.34190488,0.34190488,0.34190488,0
2018-10-29 11:34:00,0.34190488,0.34190488,0.34190488,0.34190488,26.95
2018-10-29 11:33:00,0.34232573,0.34232573,0.34232573,0.34232573,28.8119
2018-10-29 11:32:00,0.34432893,0.34432893,0.34432893,0.34432893,0
2018-10-29 11:31:00,0.34432893,0.34432893,0.34432893,0.34432893,0
2018-10-29 11:30:00,0.34432893,0.34432893,0.34432893,0.34432893,0
2018-10-29 11:29:00,0.34432893,0.34432893,0.34432893,0.34432893,0
2018-10-29 11:28:00,0.34432893,0.34432893,0.34432893,0.34432893,0
2018-10-29 11:27:00,0.34432893,0.34432893,0.34432893,0.34432893,0
2018-10-29 11:26:00,0.34432893,0.34432893,0.34432893,0.34432893,0
2018-10-29 11:25:00,0.34432893,0.34432893,0.34432893,0.34432893,0
2018-10-29 11:24:00,0.34432893,0.34432893,0.34432893,0.34432893,0
2018-10-29 11:23:00,0.34432893,0.34432893,0.34432893,0.34432893,0
2018-10-29 11:22:00,0.34432893,0.34432893,0.34432893,0.34432893,0
2018-10-29 11:21:00,0.34432893,0.34432893,0.34432893,0.34432893,0
2018-10-29 11:20:00,0.34432893,0.34432893,0.34432893,0.34432893,0
2018-10-29 11:19:00,0.34432893,0.34432893,0.34432893,0.34432893,0
2018-10-29 11:18:00,0.34432893,0.34432893,0.34432893,0.34432893,0
2018-10-29 11:17:00,0.34432893,0.34432893,0.34432893,0.34432893,0
2018-10-29 11:16:00,0.34432893,0.34432893,0.34432893,0.34432893,0
2018-10-29 11:15:00,0.34432893,0.34432893,0.34432893,0.34432893,0
2018-10-29 11:14:00,0.34432893,0.34432893,0.34432893,0.34432893,0
2018-10-29 11:13:00,0.34432893,0.34432893,0.34432893,0.34432893,0
2018-10-29 11:12:00,0.34432893,0.34432893,0.34432893,0.34432893,0
2018-10-29 11:11:00,0.34432893,0.34432893,0.34432893,0.34432893,0
2018-10-29 11:10:00,0.34432893,0.34432893,0.34432893,0.34432893,0
2018-10-29 11:09:00,0.34432893,0.34432893,0.34432893,0.34432893,0
2018-10-29 11:08:00,0.34432893,0.34432893,0.34432893,0.34432893,0
2018-10-29 11:07:00,0.34432893,0.34432893,0.34432893,0.34432893,0
2018-10-29 11:06:00,0.34432893,0.34432893,0.34432893,0.34432893,33.32
2018-10-29 11:05:00,0.334,0.334,0.334,0.334,0
2018-10-29 11:04:00,0.334,0.334,0.334,0.334,0
2018-10-29 11:03:00,0.334,0.334,0.334,0.334,0
2018-10-29 11:02:00,0.334,0.334,0.334,0.334,0
2018-10-29 11:01:00,0.334,0.334,0.334,0.334,0
2018-10-29 11:00:00,0.334,0.334,0.334,0.334,0
2018-10-29 10:59:00,0.334,0.334,0.334,0.334,0
2018-10-29 10:58:00,0.334,0.334,0.334,0.334,0
2018-10-29 10:57:00,0.334,0.334,0.334,0.334,0
2018-10-29 10:56:00,0.334,0.334,0.334,0.334,0
2018-10-29 10:55:00,0.334,0.334,0.334,0.334,0
2018-10-29 10:54:00,0.334,0.334,0.334,0.334,0
2018-10-29 10:53:00,0.334,0.334,0.334,0.334,60
2018-10-29 10:52:00,0.33391215,0.33391215,0.32945075,0.32945075,153.0713
2018-10-29 10:51:00,0.3464,0.3464,0.3464,0.3464,0
2018-10-29 10:50:00,0.3464,0.3464,0.3464,0.3464,0
2018-10-29 10:49:00,0.3464,0.3464,0.3464,0.3464,0
2018-10-29 10:48:00,0.34611153,0.3464,0.34611153,0.3464,213.0713
2018-10-29 10:47:00,0.3461,0.3461,0.3461,0.3461,0
2018-10-29 10:46:00,0.3461,0.3461,0.3461,0.3461,0
2018-10-29 10:45:00,0.3461,0.3461,0.3461,0.3461,0
2018-10-29 10:44:00,0.3461,0.3461,0.3461,0.3461,0
2018-10-29 10:43:00,0.3461,0.3461,0.3461,0.3461,0
2018-10-29 10:42:00,0.3461,0.3461,0.3461,0.3461,0
2018-10-29 10:41:00,0.3461,0.3461,0.3461,0.3461,0
2018-10-29 10:40:00,0.3461,0.3461,0.3461,0.3461,0
2018-10-29 10:39:00,0.3461,0.3461,0.3461,0.3461,0
2018-10-29 10:38:00,0.3461,0.3461,0.3461,0.3461,0
2018-10-29 10:37:00,0.3461,0.3461,0.3461,0.3461,0
2018-10-29 10:36:00,0.3461,0.3461,0.3461,0.3461,0
2018-10-29 10:35:00,0.3461,0.3461,0.3461,0.3461,0
2018-10-29 10:34:00,0.3461,0.3461,0.3461,0.3461,0
2018-10-29 10:33:00,0.3461,0.3461,0.3461,0.3461,0
2018-10-29 10:32:00,0.3461,0.3461,0.3461,0.3461,0
2018-10-29 10:31:00,0.3461,0.3461,0.3461,0.3461,0
2018-10-29 10:30:00,0.3461,0.3461,0.3461,0.3461,0
2018-10-29 10:29:00,0.3461,0.3461,0.3461,0.3461,0
2018-10-29 10:28:00,0.3461,0.3461,0.3461,0.3461,0
2018-10-29 10:27:00,0.3461,0.3461,0.3461,0.3461,0
2018-10-29 10:26:00,0.3461,0.3461,0.3461,0.3461,0
2018-10-29 10:25:00,0.3461,0.3461,0.3461,0.3461,0
2018-10-29 10:24:00,0.3461,0.3461,0.3461,0.3461,0
2018-10-29 10:23:00,0.3461,0.3461,0.3461,0.3461,0
2018-10-29 10:22:00,0.3461,0.3461,0.3461,0.3461,0
2018-10-29 10:21:00,0.3461,0.3461,0.3461,0.3461,0
2018-10-29 10:20:00,0.3461,0.3461,0.3461,0.3461,0
2018-10-29 10:19:00,0.3461,0.3461,0.3461,0.3461,0
2018-10-29 10:18:00,0.3461,0.3461,0.3461,0.3461,0
2018-10-29 10:17:00,0.3461,0.3461,0.3461,0.3461,0
2018-10-29 10:16:00,0.3461,0.3461,0.3461,0.3461,0
2018-10-29 10:15:00,0.3461,0.3461,0.3461,0.3461,0
2018-10-29 10:14:00,0.3461,0.3461,0.3461,0.3461,0
2018-10-29 10:13:00,0.3461,0.3461,0.3461,0.3461,0
2018-10-29 10:12:00,0.3461,0.3461,0.3461,0.3461,0
2018-10-29 10:11:00,0.3461,0.3461,0.3461,0.3461,0
2018-10-29 10:10:00,0.3461,0.3461,0.3461,0.3461,0
2018-10-29 10:09:00,0.3461,0.3461,0.3461,0.3461,0
2018-10-29 10:08:00,0.3461,0.3461,0.3461,0.3461,0
2018-10-29 10:07:00,0.3461,0.3461,0.3461,0.3461,0
2018-10-29 10:06:00,0.3461,0.3461,0.3461,0.3461,0
2018-10-29 10:05:00,0.3461,0.3461,0.3461,0.3461,0
2018-10-29 10:04:00,0.3461,0.3461,0.3461,0.3461,0
2018-10-29 10:03:00,0.3461,0.3461,0.3461,0.3461,0
2018-10-29 10:02:00,0.3461,0.3461,0.3461,0.3461,0
2018-10-29 10:01:00,0.3461,0.3461,0.3461,0.3461,0
2018-10-29 10:00:00,0.3461,0.3461,0.3461,0.3461,0
2018-10-29 09:59:00,0.3461,0.3461,0.3461,0.3461,0
2018-10-29 09:58:00,0.3461,0.3461,0.3461,0.3461,0
2018-10-29 09:57:00,0.3461,0.3461,0.3461,0.3461,0
2018-10-29 09:56:00,0.3461,0.3461,0.3461,0.3461,0
2018-10-29 09:55:00,0.3461,0.3461,0.3461,0.3461,0
2018-10-29 09:54:00,0.3461,0.3461,0.3461,0.3461,0
2018-10-29 09:53:00,0.3461,0.3461,0.3461,0.3461,0
2018-10-29 09:52:00,0.3461,0.3461,0.3461,0.3461,0
2018-10-29 09:51:00,0.3461,0.3461,0.3461,0.3461,0
2018-10-29 09:50:00,0.3461,0.3461,0.3461,0.3461,0
2018-10-29 09:49:00,0.3461,0.3461,0.3461,0.3461,0
2018-10-29 09:48:00,0.3461,0.3461,0.3461,0.3461,0
2018-10-29 09:47:00,0.3461,0.3461,0.3461,0.3461,0
2018-10-29 09:46:00,0.3461,0.3461,0.3461,0.3461,0
2018-10-29 09:45:00,0.3461,0.3461,0.3461,0.3461,0
2018-10-29 09:44:00,0.3461,0.3461,0.3461,0.3461,0
2018-10-29 09:43:00,0.3461,0.3461,0.3461,0.3461,0
2018-10-29 09:42:00,0.3461,0.3461,0.3461,0.3461,0
2018-10-29 09:41:00,0.3461,0.3461,0.3461,0.3461,0
2018-10-29 09:40:00,0.3461,0.3461,0.3461,0.3461,0
2018-10-29 09:39:00,0.3461,0.3461,0.3461,0.3461,0
2018-10-29 09:38:00,0.3461,0.3461,0.3461,0.3461,0
2018-10-29 09:37:00,0.3461,0.3461,0.3461,0.3461,0
2018-10-29 09:36:00,0.3461,0.3461,0.3461,0.3461,0
2018-10-29 09:35:00,0.3461,0.3461,0.3461,0.3461,0
2018-10-29 09:34:00,0.3461,0.3461,0.3461,0.3461,0
2018-10-29 09:33:00,0.3461,0.3461,0.3461,0.3461,0
2018-10-29 09:32:00,0.3461,0.3461,0.3461,0.3461,0
2018-10-29 09:31:00,0.3461,0.3461,0.3461,0.3461,0
2018-10-29 09:30:00,0.3461,0.3461,0.3461,0.3461,0
2018-10-29 09:29:00,0.3461,0.3461,0.3461,0.3461,0
2018-10-29 09:28:00,0.3461,0.3461,0.3461,0.3461,0
2018-10-29 09:27:00,0.3461,0.3461,0.3461,0.3461,0
2018-10-29 09:26:00,0.3461,0.3461,0.3461,0.3461,0
2018-10-29 09:25:00,0.3461,0.3461,0.3461,0.3461,0
2018-10-29 09:24:00,0.3461,0.3461,0.3461,0.3461,0
2018-10-29 09:23:00,0.3461,0.3461,0.3461,0.3461,0
2018-10-29 09:22:00,0.3461,0.3461,0.3461,0.3461,0
2018-10-29 09:21:00,0.3461,0.3461,0.3461,0.3461,0
2018-10-29 09:20:00,0.3461,0.3461,0.3461,0.3461,0
2018-10-29 09:19:00,0.3461,0.3461,0.3461,0.3461,0
2018-10-29 09:18:00,0.3461,0.3461,0.3461,0.3461,0
2018-10-29 09:17:00,0.3461,0.3461,0.3461,0.3461,0
2018-10-29 09:16:00,0.3461,0.3461,0.3461,0.3461,0
2018-10-29 09:15:00,0.3461,0.3461,0.3461,0.3461,0
2018-10-29 09:14:00,0.3461,0.3461,0.3461,0.3461,0
2018-10-29 09:13:00,0.3461,0.3461,0.3461,0.3461,0
2018-10-29 09:12:00,0.3461,0.3461,0.3461,0.3461,0
2018-10-29 09:11:00,0.3461,0.3461,0.3461,0.3461,0
2018-10-29 09:10:00,0.3461,0.3461,0.3461,0.3461,0
2018-10-29 09:09:00,0.3461,0.3461,0.3461,0.3461,0
2018-10-29 09:08:00,0.3461,0.3461,0.3461,0.3461,0
2018-10-29 09:07:00,0.3461,0.3461,0.3461,0.3461,0
2018-10-29 09:06:00,0.3461,0.3461,0.3461,0.3461,0
2018-10-29 09:05:00,0.3461,0.3461,0.3461,0.3461,0
2018-10-29 09:04:00,0.3461,0.3461,0.3461,0.3461,0
2018-10-29 09:03:00,0.3461,0.3461,0.3461,0.3461,0
2018-10-29 09:02:00,0.3461,0.3461,0.3461,0.3461,0
2018-10-29 09:01:00,0.3461,0.3461,0.3461,0.3461,0
2018-10-29 09:00:00,0.3461,0.3461,0.3461,0.3461,0
2018-10-29 08:59:00,0.3461,0.3461,0.3461,0.3461,0
2018-10-29 08:58:00,0.3461,0.3461,0.3461,0.3461,0
2018-10-29 08:57:00,0.3461,0.3461,0.3461,0.3461,0
2018-10-29 08:56:00,0.3461,0.3461,0.3461,0.3461,0
2018-10-29 08:55:00,0.3461,0.3461,0.3461,0.3461,0
2018-10-29 08:54:00,0.3461,0.3461,0.3461,0.3461,0
2018-10-29 08:53:00,0.3461,0.3461,0.3461,0.3461,0
2018-10-29 08:52:00,0.3461,0.3461,0.3461,0.3461,0
2018-10-29 08:51:00,0.3461,0.3461,0.3461,0.3461,0
2018-10-29 08:50:00,0.3461,0.3461,0.3461,0.3461,0
2018-10-29 08:49:00,0.3461,0.3461,0.3461,0.3461,0
2018-10-29 08:48:00,0.3461,0.3461,0.3461,0.3461,0
2018-10-29 08:47:00,0.3461,0.3461,0.3461,0.3461,0
2018-10-29 08:46:00,0.3461,0.3461,0.3461,0.3461,0
2018-10-29 08:45:00,0.3461,0.3461,0.3461,0.3461,0
2018-10-29 08:44:00,0.3461,0.3461,0.3461,0.3461,0
2018-10-29 08:43:00,0.3461,0.3461,0.3461,0.3461,0
2018-10-29 08:42:00,0.3461,0.3461,0.3461,0.3461,0
2018-10-29 08:41:00,0.3461,0.3461,0.3461,0.3461,0
2018-10-29 08:40:00,0.3461,0.3461,0.3461,0.3461,0
2018-10-29 08:39:00,0.3461,0.3461,0.3461,0.3461,0
2018-10-29 08:38:00,0.3461,0.3461,0.3461,0.3461,0
2018-10-29 08:37:00,0.3461,0.3461,0.3461,0.3461,0
2018-10-29 08:36:00,0.3461,0.3461,0.3461,0.3461,0
2018-10-29 08:35:00,0.3461,0.3461,0.3461,0.3461,0
2018-10-29 08:34:00,0.3461,0.3461,0.3461,0.3461,0
2018-10-29 08:33:00,0.3461,0.3461,0.3461,0.3461,0
2018-10-29 08:32:00,0.3461,0.3461,0.3461,0.3461,0
2018-10-29 08:31:00,0.3461,0.3461,0.3461,0.3461,0
2018-10-29 08:30:00,0.3461,0.3461,0.3461,0.3461,0
2018-10-29 08:29:00,0.3461,0.3461,0.3461,0.3461,0
2018-10-29 08:28:00,0.3461,0.3461,0.3461,0.3461,0
2018-10-29 08:27:00,0.3461,0.3461,0.3461,0.3461,0
2018-10-29 08:26:00,0.3461,0.3461,0.3461,0.3461,0
2018-10-29 08:25:00,0.3461,0.3461,0.3461,0.3461,0
2018-10-29 08:24:00,0.3461,0.3461,0.3461,0.3461,0
2018-10-29 08:23:00,0.3461,0.3461,0.3461,0.3461,0
2018-10-29 08:22:00,0.3461,0.3461,0.3461,0.3461,0
2018-10-29 08:21:00,0.3461,0.3461,0.3461,0.3461,0
2018-10-29 08:20:00,0.3461,0.3461,0.3461,0.3461,0
2018-10-29 08:19:00,0.3461,0.3461,0.3461,0.3461,0
2018-10-29 08:18:00,0.3461,0.3461,0.3461,0.3461,0
2018-10-29 08:17:00,0.3461,0.3461,0.3461,0.3461,0
2018-10-29 08:16:00,0.3461,0.3461,0.3461,0.3461,0
2018-10-29 08:15:00,0.3461,0.3461,0.3461,0.3461,0
2018-10-29 08:14:00,0.3461,0.3461,0.3461,0.3461,0
2018-10-29 08:13:00,0.3461,0.3461,0.3461,0.3461,0
2018-10-29 08:12:00,0.3461,0.3461,0.3461,0.3461,0
2018-10-29 08:11:00,0.3461,0.3461,0.3461,0.3461,0
2018-10-29 08:10:00,0.3461,0.3461,0.3461,0.3461,0
2018-10-29 08:09:00,0.3461,0.3461,0.3461,0.3461,0
2018-10-29 08:08:00,0.3461,0.3461,0.3461,0.3461,0
2018-10-29 08:07:00,0.3461,0.3461,0.3461,0.3461,0
2018-10-29 08:06:00,0.3461,0.3461,0.3461,0.3461,0
2018-10-29 08:05:00,0.3461,0.3461,0.3461,0.3461,0
2018-10-29 08:04:00,0.3461,0.3461,0.3461,0.3461,0
2018-10-29 08:03:00,0.3461,0.3461,0.3461,0.3461,0
2018-10-29 08:02:00,0.3461,0.3461,0.3461,0.3461,0
2018-10-29 08:01:00,0.3461,0.3461,0.3461,0.3461,0
2018-10-29 08:00:00,0.3461,0.3461,0.3461,0.3461,0
2018-10-29 07:59:00,0.3461,0.3461,0.3461,0.3461,0
2018-10-29 07:58:00,0.3461,0.3461,0.3461,0.3461,0
2018-10-29 07:57:00,0.3461,0.3461,0.3461,0.3461,0
2018-10-29 07:56:00,0.3461,0.3461,0.3461,0.3461,0
2018-10-29 07:55:00,0.3461,0.3461,0.3461,0.3461,0
2018-10-29 07:54:00,0.3461,0.3461,0.3461,0.3461,0
2018-10-29 07:53:00,0.3461,0.3461,0.3461,0.3461,0
2018-10-29 07:52:00,0.3461,0.3461,0.3461,0.3461,0
2018-10-29 07:51:00,0.3461,0.3461,0.3461,0.3461,0
2018-10-29 07:50:00,0.3461,0.3461,0.3461,0.3461,0
2018-10-29 07:49:00,0.3461,0.3461,0.3461,0.3461,0
2018-10-29 07:48:00,0.3461,0.3461,0.3461,0.3461,0
2018-10-29 07:47:00,0.3461,0.3461,0.3461,0.3461,0
2018-10-29 07:46:00,0.3461,0.3461,0.3461,0.3461,0
2018-10-29 07:45:00,0.3461,0.3461,0.3461,0.3461,0
2018-10-29 07:44:00,0.3461,0.3461,0.3461,0.3461,0
2018-10-29 07:43:00,0.3461,0.3461,0.3461,0.3461,0
2018-10-29 07:42:00,0.3461,0.3461,0.3461,0.3461,0
2018-10-29 07:41:00,0.3461,0.3461,0.3461,0.3461,0
2018-10-29 07:40:00,0.3461,0.3461,0.3461,0.3461,0
2018-10-29 07:39:00,0.3461,0.3461,0.3461,0.3461,0
2018-10-29 07:38:00,0.3461,0.3461,0.3461,0.3461,0
2018-10-29 07:37:00,0.3461,0.3461,0.3461,0.3461,0
2018-10-29 07:36:00,0.3461,0.3461,0.3461,0.3461,0
2018-10-29 07:35:00,0.3461,0.3461,0.3461,0.3461,0
2018-10-29 07:34:00,0.3461,0.3461,0.3461,0.3461,0
2018-10-29 07:33:00,0.3461,0.3461,0.3461,0.3461,0
2018-10-29 07:32:00,0.3461,0.3461,0.3461,0.3461,0
2018-10-29 07:31:00,0.3461,0.3461,0.3461,0.3461,0
2018-10-29 07:30:00,0.3461,0.3461,0.3461,0.3461,0
2018-10-29 07:29:00,0.3461,0.3461,0.3461,0.3461,0
2018-10-29 07:28:00,0.3461,0.3461,0.3461,0.3461,0
2018-10-29 07:27:00,0.3461,0.3461,0.3461,0.3461,0
2018-10-29 07:26:00,0.3461,0.3461,0.3461,0.3461,0
2018-10-29 07:25:00,0.3461,0.3461,0.3461,0.3461,0
2018-10-29 07:24:00,0.3461,0.3461,0.3461,0.3461,0
2018-10-29 07:23:00,0.3461,0.3461,0.3461,0.3461,0
2018-10-29 07:22:00,0.3461,0.3461,0.3461,0.3461,0
2018-10-29 07:21:00,0.3461,0.3461,0.3461,0.3461,0
2018-10-29 07:20:00,0.3461,0.3461,0.3461,0.3461,0
2018-10-29 07:19:00,0.3461,0.3461,0.3461,0.3461,0
2018-10-29 07:18:00,0.3461,0.3461,0.3461,0.3461,0
2018-10-29 07:17:00,0.3461,0.3461,0.3461,0.3461,0
2018-10-29 07:16:00,0.3461,0.3461,0.3461,0.3461,0
2018-10-29 07:15:00,0.3461,0.3461,0.3461,0.3461,0
2018-10-29 07:14:00,0.3461,0.3461,0.3461,0.3461,0
2018-10-29 07:13:00,0.3461,0.3461,0.3461,0.3461,0
2018-10-29 07:12:00,0.3461,0.3461,0.3461,0.3461,0
2018-10-29 07:11:00,0.3461,0.3461,0.3461,0.3461,0
2018-10-29 07:10:00,0.3461,0.3461,0.3461,0.3461,0
2018-10-29 07:09:00,0.3461,0.3461,0.3461,0.3461,0
2018-10-29 07:08:00,0.3461,0.3461,0.3461,0.3461,0
2018-10-29 07:07:00,0.3461,0.3461,0.3461,0.3461,0
2018-10-29 07:06:00,0.3461,0.3461,0.3461,0.3461,0
2018-10-29 07:05:00,0.3461,0.3461,0.3461,0.3461,0
2018-10-29 07:04:00,0.3461,0.3461,0.3461,0.3461,0
2018-10-29 07:03:00,0.3461,0.3461,0.3461,0.3461,0
2018-10-29 07:02:00,0.3461,0.3461,0.3461,0.3461,0
2018-10-29 07:01:00,0.3461,0.3461,0.3461,0.3461,0
2018-10-29 07:00:00,0.3461,0.3461,0.3461,0.3461,0
2018-10-29 06:59:00,0.3461,0.3461,0.3461,0.3461,0
2018-10-29 06:58:00,0.3461,0.3461,0.3461,0.3461,0
2018-10-29 06:57:00,0.3461,0.3461,0.3461,0.3461,0
2018-10-29 06:56:00,0.3461,0.3461,0.3461,0.3461,0
2018-10-29 06:55:00,0.3461,0.3461,0.3461,0.3461,0
2018-10-29 06:54:00,0.3461,0.3461,0.3461,0.3461,0
2018-10-29 06:53:00,0.3461,0.3461,0.3461,0.3461,0
2018-10-29 06:52:00,0.3461,0.3461,0.3461,0.3461,0
2018-10-29 06:51:00,0.3461,0.3461,0.3461,0.3461,0
2018-10-29 06:50:00,0.3461,0.3461,0.3461,0.3461,0
2018-10-29 06:49:00,0.3461,0.3461,0.3461,0.3461,0
2018-10-29 06:48:00,0.3461,0.3461,0.3461,0.3461,0
2018-10-29 06:47:00,0.3461,0.3461,0.3461,0.3461,0
2018-10-29 06:46:00,0.3461,0.3461,0.3461,0.3461,0
2018-10-29 06:45:00,0.3461,0.3461,0.3461,0.3461,0
2018-10-29 06:44:00,0.3461,0.3461,0.3461,0.3461,0
2018-10-29 06:43:00,0.3461,0.3461,0.3461,0.3461,0
2018-10-29 06:42:00,0.3461,0.3461,0.3461,0.3461,0
2018-10-29 06:41:00,0.3461,0.3461,0.3461,0.3461,0
2018-10-29 06:40:00,0.3461,0.3461,0.3461,0.3461,0
2018-10-29 06:39:00,0.3461,0.3461,0.3461,0.3461,0
2018-10-29 06:38:00,0.3461,0.3461,0.3461,0.3461,0
2018-10-29 06:37:00,0.3461,0.3461,0.3461,0.3461,0
2018-10-29 06:36:00,0.3461,0.3461,0.3461,0.3461,0
2018-10-29 06:35:00,0.3461,0.3461,0.3461,0.3461,0
2018-10-29 06:34:00,0.3461,0.3461,0.3461,0.3461,0
2018-10-29 06:33:00,0.3461,0.3461,0.3461,0.3461,0
2018-10-29 06:32:00,0.3461,0.3461,0.3461,0.3461,0
2018-10-29 06:31:00,0.3461,0.3461,0.3461,0.3461,0
2018-10-29 06:30:00,0.3461,0.3461,0.3461,0.3461,0
2018-10-29 06:29:00,0.3461,0.3461,0.3461,0.3461,0
2018-10-29 06:28:00,0.3461,0.3461,0.3461,0.3461,0
2018-10-29 06:27:00,0.3461,0.3461,0.3461,0.3461,0
2018-10-29 06:26:00,0.3461,0.3461,0.3461,0.3461,0
2018-10-29 06:25:00,0.3461,0.3461,0.3461,0.3461,0
2018-10-29 06:24:00,0.3461,0.3461,0.3461,0.3461,0
2018-10-29 06:23:00,0.3461,0.3461,0.3461,0.3461,0
2018-10-29 06:22:00,0.3461,0.3461,0.3461,0.3461,0
2018-10-29 06:21:00,0.3461,0.3461,0.3461,0.3461,0
2018-10-29 06:20:00,0.3461,0.3461,0.3461,0.3461,0
2018-10-29 06:19:00,0.3461,0.3461,0.3461,0.3461,0
2018-10-29 06:18:00,0.3461,0.3461,0.3461,0.3461,0
2018-10-29 06:17:00,0.3461,0.3461,0.3461,0.3461,0
2018-10-29 06:16:00,0.3461,0.3461,0.3461,0.3461,0
2018-10-29 06:15:00,0.3461,0.3461,0.3461,0.3461,0
2018-10-29 06:14:00,0.3461,0.3461,0.3461,0.3461,0
2018-10-29 06:13:00,0.3461,0.3461,0.3461,0.3461,0
2018-10-29 06:12:00,0.3461,0.3461,0.3461,0.3461,0
2018-10-29 06:11:00,0.3461,0.3461,0.3461,0.3461,0
2018-10-29 06:10:00,0.3461,0.3461,0.3461,0.3461,0
2018-10-29 06:09:00,0.3461,0.3461,0.3461,0.3461,0
2018-10-29 06:08:00,0.3461,0.3461,0.3461,0.3461,0
2018-10-29 06:07:00,0.3461,0.3461,0.3461,0.3461,0
2018-10-29 06:06:00,0.3461,0.3461,0.3461,0.3461,0
2018-10-29 06:05:00,0.3461,0.3461,0.3461,0.3461,0
2018-10-29 06:04:00,0.3461,0.3461,0.3461,0.3461,0
2018-10-29 06:03:00,0.3461,0.3461,0.3461,0.3461,0
2018-10-29 06:02:00,0.3461,0.3461,0.3461,0.3461,0
2018-10-29 06:01:00,0.3461,0.3461,0.3461,0.3461,0
2018-10-29 06:00:00,0.3461,0.3461,0.3461,0.3461,0
2018-10-29 05:59:00,0.3461,0.3461,0.3461,0.3461,0
2018-10-29 05:58:00,0.3461,0.3461,0.3461,0.3461,0
2018-10-29 05:57:00,0.3461,0.3461,0.3461,0.3461,0
2018-10-29 05:56:00,0.3461,0.3461,0.3461,0.3461,0
2018-10-29 05:55:00,0.3461,0.3461,0.3461,0.3461,0
2018-10-29 05:54:00,0.3461,0.3461,0.3461,0.3461,0
2018-10-29 05:53:00,0.3461,0.3461,0.3461,0.3461,0
2018-10-29 05:52:00,0.3461,0.3461,0.3461,0.3461,0
2018-10-29 05:51:00,0.3461,0.3461,0.3461,0.3461,0
2018-10-29 05:50:00,0.3461,0.3461,0.3461,0.3461,0
2018-10-29 05:49:00,0.3461,0.3461,0.3461,0.3461,0
2018-10-29 05:48:00,0.3461,0.3461,0.3461,0.3461,0
2018-10-29 05:47:00,0.3461,0.3461,0.3461,0.3461,0
2018-10-29 05:46:00,0.3461,0.3461,0.3461,0.3461,0
2018-10-29 05:45:00,0.3461,0.3461,0.3461,0.3461,0
2018-10-29 05:44:00,0.3461,0.3461,0.3461,0.3461,0
2018-10-29 05:43:00,0.3461,0.3461,0.3461,0.3461,0
2018-10-29 05:42:00,0.3461,0.3461,0.3461,0.3461,0
2018-10-29 05:41:00,0.3461,0.3461,0.3461,0.3461,0
2018-10-29 05:40:00,0.3461,0.3461,0.3461,0.3461,0
2018-10-29 05:39:00,0.3461,0.3461,0.3461,0.3461,0
2018-10-29 05:38:00,0.3461,0.3461,0.3461,0.3461,0
2018-10-29 05:37:00,0.3461,0.3461,0.3461,0.3461,0
2018-10-29 05:36:00,0.3461,0.3461,0.3461,0.3461,0
2018-10-29 05:35:00,0.3461,0.3461,0.3461,0.3461,0
2018-10-29 05:34:00,0.3461,0.3461,0.3461,0.3461,0
2018-10-29 05:33:00,0.3461,0.3461,0.3461,0.3461,0
2018-10-29 05:32:00,0.3461,0.3461,0.3461,0.3461,0
2018-10-29 05:31:00,0.3461,0.3461,0.3461,0.3461,0
2018-10-29 05:30:00,0.3461,0.3461,0.3461,0.3461,0
2018-10-29 05:29:00,0.3461,0.3461,0.3461,0.3461,0
2018-10-29 05:28:00,0.3461,0.3461,0.3461,0.3461,0
2018-10-29 05:27:00,0.3461,0.3461,0.3461,0.3461,0
2018-10-29 05:26:00,0.3461,0.3461,0.3461,0.3461,0
2018-10-29 05:25:00,0.3461,0.3461,0.3461,0.3461,0
2018-10-29 05:24:00,0.3461,0.3461,0.3461,0.3461,0
2018-10-29 05:23:00,0.3461,0.3461,0.3461,0.3461,0
2018-10-29 05:22:00,0.3461,0.3461,0.3461,0.3461,0
2018-10-29 05:21:00,0.3461,0.3461,0.3461,0.3461,0
2018-10-29 05:20:00,0.3461,0.3461,0.3461,0.3461,0
2018-10-29 05:19:00,0.3461,0.3461,0.3461,0.3461,0
2018-10-29 05:18:00,0.3461,0.3461,0.3461,0.3461,0
2018-10-29 05:17:00,0.3461,0.3461,0.3461,0.3461,0
2018-10-29 05:16:00,0.3461,0.3461,0.3461,0.3461,0
2018-10-29 05:15:00,0.3461,0.3461,0.3461,0.3461,0
2018-10-29 05:14:00,0.3461,0.3461,0.3461,0.3461,0
2018-10-29 05:13:00,0.3461,0.3461,0.3461,0.3461,0
2018-10-29 05:12:00,0.3461,0.3461,0.3461,0.3461,0
2018-10-29 05:11:00,0.3461,0.3461,0.3461,0.3461,0
2018-10-29 05:10:00,0.3461,0.3461,0.3461,0.3461,0
2018-10-29 05:09:00,0.3461,0.3461,0.3461,0.3461,0
2018-10-29 05:08:00,0.3461,0.3461,0.3461,0.3461,0
2018-10-29 05:07:00,0.3461,0.3461,0.3461,0.3461,0
2018-10-29 05:06:00,0.3461,0.3461,0.3461,0.3461,0
2018-10-29 05:05:00,0.3461,0.3461,0.3461,0.3461,0
2018-10-29 05:04:00,0.3461,0.3461,0.3461,0.3461,0
2018-10-29 05:03:00,0.3461,0.3461,0.3461,0.3461,0
2018-10-29 05:02:00,0.3461,0.3461,0.3461,0.3461,0
2018-10-29 05:01:00,0.3461,0.3461,0.3461,0.3461,0
2018-10-29 05:00:00,0.3461,0.3461,0.3461,0.3461,0
2018-10-29 04:59:00,0.3461,0.3461,0.3461,0.3461,0
2018-10-29 04:58:00,0.3461,0.3461,0.3461,0.3461,0
2018-10-29 04:57:00,0.3461,0.3461,0.3461,0.3461,0
2018-10-29 04:56:00,0.3461,0.3461,0.3461,0.3461,0
2018-10-29 04:55:00,0.3461,0.3461,0.3461,0.3461,0
2018-10-29 04:54:00,0.3461,0.3461,0.3461,0.3461,0
2018-10-29 04:53:00,0.3461,0.3461,0.3461,0.3461,0
2018-10-29 04:52:00,0.3461,0.3461,0.3461,0.3461,0
2018-10-29 04:51:00,0.3461,0.3461,0.3461,0.3461,0
2018-10-29 04:50:00,0.3461,0.3461,0.3461,0.3461,0
2018-10-29 04:49:00,0.3461,0.3461,0.3461,0.3461,0
2018-10-29 04:48:00,0.3461,0.3461,0.3461,0.3461,0
2018-10-29 04:47:00,0.3461,0.3461,0.3461,0.3461,0
2018-10-29 04:46:00,0.3461,0.3461,0.3461,0.3461,0
2018-10-29 04:45:00,0.3461,0.3461,0.3461,0.3461,0
2018-10-29 04:44:00,0.3461,0.3461,0.3461,0.3461,0
2018-10-29 04:43:00,0.3461,0.3461,0.3461,0.3461,0
2018-10-29 04:42:00,0.3461,0.3461,0.3461,0.3461,0
2018-10-29 04:41:00,0.3461,0.3461,0.3461,0.3461,0
2018-10-29 04:40:00,0.3461,0.3461,0.3461,0.3461,0
2018-10-29 04:39:00,0.3461,0.3461,0.3461,0.3461,0
2018-10-29 04:38:00,0.3461,0.3461,0.3461,0.3461,0
2018-10-29 04:37:00,0.3461,0.3461,0.3461,0.3461,0
2018-10-29 04:36:00,0.3461,0.3461,0.3461,0.3461,0
2018-10-29 04:35:00,0.3461,0.3461,0.3461,0.3461,0
2018-10-29 04:34:00,0.3461,0.3461,0.3461,0.3461,0
2018-10-29 04:33:00,0.3461,0.3461,0.3461,0.3461,0
2018-10-29 04:32:00,0.3461,0.3461,0.3461,0.3461,0
2018-10-29 04:31:00,0.3461,0.3461,0.3461,0.3461,0
2018-10-29 04:30:00,0.3461,0.3461,0.3461,0.3461,0
2018-10-29 04:29:00,0.3461,0.3461,0.3461,0.3461,0
2018-10-29 04:28:00,0.3461,0.3461,0.3461,0.3461,0
2018-10-29 04:27:00,0.3461,0.3461,0.3461,0.3461,0
2018-10-29 04:26:00,0.3461,0.3461,0.3461,0.3461,0
2018-10-29 04:25:00,0.34614963,0.34614963,0.3461,0.3461,287.95936000000001
2018-10-29 04:24:00,0.34606539,0.34606539,0.34606539,0.34606539,0
2018-10-29 04:23:00,0.34606539,0.34606539,0.34606539,0.34606539,0
2018-10-29 04:22:00,0.34606539,0.34606539,0.34606539,0.34606539,0
2018-10-29 04:21:00,0.34525598,0.34606539,0.34525598,0.34606539,291.6329
2018-10-29 04:20:00,0.34525598,0.34525598,0.34525598,0.34525598,207.6329
2018-10-29 04:19:00,0.3449,0.3449,0.3449,0.3449,0
2018-10-29 04:18:00,0.3449,0.3449,0.3449,0.3449,0
2018-10-29 04:17:00,0.3449,0.3449,0.3449,0.3449,0
2018-10-29 04:16:00,0.3449,0.3449,0.3449,0.3449,0
2018-10-29 04:15:00,0.3449,0.3449,0.3449,0.3449,0
2018-10-29 04:14:00,0.3449,0.3449,0.3449,0.3449,0
2018-10-29 04:13:00,0.3449,0.3449,0.3449,0.3449,0
2018-10-29 04:12:00,0.3449,0.3449,0.3449,0.3449,0
2018-10-29 04:11:00,0.3449,0.3449,0.3449,0.3449,0
2018-10-29 04:10:00,0.3449,0.3449,0.3449,0.3449,0
2018-10-29 04:09:00,0.3449,0.3449,0.3449,0.3449,0
2018-10-29 04:08:00,0.3449,0.3449,0.3449,0.3449,0
2018-10-29 04:07:00,0.3449,0.3449,0.3449,0.3449,0
2018-10-29 04:06:00,0.3449,0.3449,0.3449,0.3449,0
2018-10-29 04:05:00,0.3449,0.3449,0.3449,0.3449,0
2018-10-29 04:04:00,0.3449,0.3449,0.3449,0.3449,0
2018-10-29 04:03:00,0.3449,0.3449,0.3449,0.3449,0
2018-10-29 04:02:00,0.3449,0.3449,0.3449,0.3449,0
2018-10-29 04:01:00,0.3449,0.3449,0.3449,0.3449,0
2018-10-29 04:00:00,0.3449,0.3449,0.3449,0.3449,0
2018-10-29 03:59:00,0.3449,0.3449,0.3449,0.3449,0
2018-10-29 03:58:00,0.3449,0.3449,0.3449,0.3449,0
2018-10-29 03:57:00,0.3449,0.3449,0.3449,0.3449,0
2018-10-29 03:56:00,0.3449,0.3449,0.3449,0.3449,0
2018-10-29 03:55:00,0.3449,0.3449,0.3449,0.3449,0
2018-10-29 03:54:00,0.3449,0.3449,0.3449,0.3449,0
2018-10-29 03:53:00,0.3449,0.3449,0.3449,0.3449,0
2018-10-29 03:52:00,0.3449,0.3449,0.3449,0.3449,0
2018-10-29 03:51:00,0.3449,0.3449,0.3449,0.3449,0
2018-10-29 03:50:00,0.3449,0.3449,0.3449,0.3449,0
2018-10-29 03:49:00,0.3449,0.3449,0.3449,0.3449,0
2018-10-29 03:48:00,0.3449,0.3449,0.3449,0.3449,0
2018-10-29 03:47:00,0.3449,0.3449,0.3449,0.3449,0
2018-10-29 03:46:00,0.3449,0.3449,0.3449,0.3449,0
2018-10-29 03:45:00,0.3449,0.3449,0.3449,0.3449,0
2018-10-29 03:44:00,0.3449,0.3449,0.3449,0.3449,0
2018-10-29 03:43:00,0.3449,0.3449,0.3449,0.3449,0
2018-10-29 03:42:00,0.3449,0.3449,0.3449,0.3449,0
2018-10-29 03:41:00,0.3449,0.3449,0.3449,0.3449,0
2018-10-29 03:40:00,0.3449,0.3449,0.3449,0.3449,0
2018-10-29 03:39:00,0.3449,0.3449,0.3449,0.3449,0
2018-10-29 03:38:00,0.3449,0.3449,0.3449,0.3449,0
2018-10-29 03:37:00,0.3449,0.3449,0.3449,0.3449,56.494
2018-10-29 03:36:00,0.34497446,0.34497446,0.34497446,0.34497446,0
2018-10-29 03:35:00,0.34497446,0.34497446,0.34497446,0.34497446,0
2018-10-29 03:34:00,0.34497446,0.34497446,0.34497446,0.34497446,0
2018-10-29 03:33:00,0.34497446,0.34497446,0.34497446,0.34497446,0
2018-10-29 03:32:00,0.34497446,0.34497446,0.34497446,0.34497446,0
2018-10-29 03:31:00,0.34497446,0.34497446,0.34497446,0.34497446,0
2018-10-29 03:30:00,0.34497446,0.34497446,0.34497446,0.34497446,56.494
2018-10-29 03:29:00,0.3452909,0.3452909,0.3452909,0.3452909,0
2018-10-29 03:28:00,0.3452909,0.3452909,0.3452909,0.3452909,234.2187
2018-10-29 03:27:00,0.34526547,0.34526547,0.34526547,0.34526547,0
2018-10-29 03:26:00,0.34526547,0.34526547,0.34526547,0.34526547,0
2018-10-29 03:25:00,0.34526547,0.34526547,0.34526547,0.34526547,0
2018-10-29 03:24:00,0.34526547,0.34526547,0.34526547,0.34526547,0
2018-10-29 03:23:00,0.34526547,0.34526547,0.34526547,0.34526547,0
2018-10-29 03:22:00,0.34526547,0.34526547,0.34526547,0.34526547,0
2018-10-29 03:21:00,0.34526547,0.34526547,0.34526547,0.34526547,0
2018-10-29 03:20:00,0.34526547,0.34526547,0.34526547,0.34526547,0
2018-10-29 03:19:00,0.34526547,0.34526547,0.34526547,0.34526547,0
2018-10-29 03:18:00,0.34526547,0.34526547,0.34526547,0.34526547,0
2018-10-29 03:17:00,0.34526547,0.34526547,0.34526547,0.34526547,0
2018-10-29 03:16:00,0.34526547,0.34526547,0.34526547,0.34526547,0
2018-10-29 03:15:00,0.34526547,0.34526547,0.34526547,0.34526547,0
2018-10-29 03:14:00,0.34526547,0.34526547,0.34526547,0.34526547,0
2018-10-29 03:13:00,0.34526547,0.34526547,0.34526547,0.34526547,0
2018-10-29 03:12:00,0.34526547,0.34526547,0.34526547,0.34526547,46
2018-10-29 03:11:00,0.34516548,0.34516548,0.34516548,0.34516548,0
2018-10-29 03:10:00,0.34516548,0.34516548,0.34516548,0.34516548,0
2018-10-29 03:09:00,0.34516548,0.34516548,0.34516548,0.34516548,0
2018-10-29 03:08:00,0.34516548,0.34516548,0.34516548,0.34516548,0
2018-10-29 03:07:00,0.34516548,0.34516548,0.34516548,0.34516548,0
2018-10-29 03:06:00,0.34516548,0.34516548,0.34516548,0.34516548,0
2018-10-29 03:05:00,0.34516548,0.34516548,0.34516548,0.34516548,0
2018-10-29 03:04:00,0.34516548,0.34516548,0.34516548,0.34516548,0
2018-10-29 03:03:00,0.34516548,0.34516548,0.34516548,0.34516548,0
2018-10-29 03:02:00,0.34516548,0.34516548,0.34516548,0.34516548,0
2018-10-29 03:01:00,0.34516548,0.34516548,0.34516548,0.34516548,41.9
2018-10-29 03:00:00,0.34506549,0.34506549,0.34506549,0.34506549,38
2018-10-29 02:59:00,0.3449655,0.3449655,0.3449655,0.3449655,0
2018-10-29 02:58:00,0.3449655,0.3449655,0.3449655,0.3449655,0
2018-10-29 02:57:00,0.3449655,0.3449655,0.3449655,0.3449655,78.1
2018-10-29 02:56:00,0.3448,0.3448,0.3448,0.3448,0
2018-10-29 02:55:00,0.3448,0.3448,0.3448,0.3448,0
2018-10-29 02:54:00,0.3448,0.3448,0.3448,0.3448,0
2018-10-29 02:53:00,0.3448,0.3448,0.3448,0.3448,0
2018-10-29 02:52:00,0.3448,0.3448,0.3448,0.3448,0
2018-10-29 02:51:00,0.3448,0.3448,0.3448,0.3448,0
2018-10-29 02:50:00,0.3448,0.3448,0.3448,0.3448,0
2018-10-29 02:49:00,0.3448,0.3448,0.3448,0.3448,0
2018-10-29 02:48:00,0.3448,0.3448,0.3448,0.3448,0
2018-10-29 02:47:00,0.3448,0.3448,0.3448,0.3448,0
2018-10-29 02:46:00,0.3448,0.3448,0.3448,0.3448,0
2018-10-29 02:45:00,0.3448,0.3448,0.3448,0.3448,0
2018-10-29 02:44:00,0.3448,0.3448,0.3448,0.3448,0
2018-10-29 02:43:00,0.3448,0.3448,0.3448,0.3448,0
2018-10-29 02:42:00,0.3448,0.3448,0.3448,0.3448,0
2018-10-29 02:41:00,0.3448,0.3448,0.3448,0.3448,0
2018-10-29 02:40:00,0.3448,0.3448,0.3448,0.3448,0
2018-10-29 02:39:00,0.3448,0.3448,0.3448,0.3448,0
2018-10-29 02:38:00,0.3448,0.3448,0.3448,0.3448,0
2018-10-29 02:37:00,0.3448,0.3448,0.3448,0.3448,0
2018-10-29 02:36:00,0.3448,0.3448,0.3448,0.3448,0
2018-10-29 02:35:00,0.3448,0.3448,0.3448,0.3448,0
2018-10-29 02:34:00,0.3448,0.3448,0.3448,0.3448,0
2018-10-29 02:33:00,0.3448,0.3448,0.3448,0.3448,0
2018-10-29 02:32:00,0.3448,0.3448,0.3448,0.3448,0
2018-10-29 02:31:00,0.3448,0.3448,0.3448,0.3448,0
2018-10-29 02:30:00,0.3448,0.3448,0.3448,0.3448,0
2018-10-29 02:29:00,0.3448,0.3448,0.3448,0.3448,0
2018-10-29 02:28:00,0.3448,0.3448,0.3448,0.3448,0
2018-10-29 02:27:00,0.3448,0.3448,0.3448,0.3448,0
2018-10-29 02:26:00,0.3448,0.3448,0.3448,0.3448,0
2018-10-29 02:25:00,0.3448,0.3448,0.3448,0.3448,0
2018-10-29 02:24:00,0.3448,0.3448,0.3448,0.3448,0
2018-10-29 02:23:00,0.3448,0.3448,0.3448,0.3448,0
2018-10-29 02:22:00,0.3448,0.3448,0.3448,0.3448,0
2018-10-29 02:21:00,0.3448,0.3448,0.3448,0.3448,0
2018-10-29 02:20:00,0.3448,0.3448,0.3448,0.3448,0
2018-10-29 02:19:00,0.3448,0.3448,0.3448,0.3448,0
2018-10-29 02:18:00,0.3448,0.3448,0.3448,0.3448,0
2018-10-29 02:17:00,0.3448,0.3448,0.3448,0.3448,0
2018-10-29 02:16:00,0.3448,0.3448,0.3448,0.3448,0
2018-10-29 02:15:00,0.3448,0.3448,0.3448,0.3448,0
2018-10-29 02:14:00,0.3448,0.3448,0.3448,0.3448,0
2018-10-29 02:13:00,0.3448,0.3448,0.3448,0.3448,0
2018-10-29 02:12:00,0.3448,0.3448,0.3448,0.3448,0
2018-10-29 02:11:00,0.3448,0.3448,0.3448,0.3448,0
2018-10-29 02:10:00,0.3448,0.3448,0.3448,0.3448,0
2018-10-29 02:09:00,0.3448,0.3448,0.3448,0.3448,0
2018-10-29 02:08:00,0.3448,0.3448,0.3448,0.3448,123.78806
2018-10-29 02:07:00,0.3444,0.3444,0.3444,0.3444,0
2018-10-29 02:06:00,0.3444,0.3444,0.3444,0.3444,0
2018-10-29 02:05:00,0.3444,0.3444,0.3444,0.3444,0
2018-10-29 02:04:00,0.3444,0.3444,0.3444,0.3444,0
2018-10-29 02:03:00,0.3444,0.3444,0.3444,0.3444,0
2018-10-29 02:02:00,0.3444,0.3444,0.3444,0.3444,0
2018-10-29 02:01:00,0.3444,0.3444,0.3444,0.3444,0
2018-10-29 02:00:00,0.3444,0.3444,0.3444,0.3444,0
2018-10-29 01:59:00,0.3444,0.3444,0.3444,0.3444,0
2018-10-29 01:58:00,0.3444,0.3444,0.3444,0.3444,0
2018-10-29 01:57:00,0.3444,0.3444,0.3444,0.3444,0
2018-10-29 01:56:00,0.3444,0.3444,0.3444,0.3444,0
2018-10-29 01:55:00,0.3444,0.3444,0.3444,0.3444,0
2018-10-29 01:54:00,0.3444,0.3444,0.3444,0.3444,107.6586
2018-10-29 01:53:00,0.34447967,0.34447967,0.34447967,0.34447967,0
2018-10-29 01:52:00,0.34447967,0.34447967,0.34447967,0.34447967,0
2018-10-29 01:51:00,0.34447967,0.34447967,0.34447967,0.34447967,0
2018-10-29 01:50:00,0.34447967,0.34447967,0.34447967,0.34447967,0
2018-10-29 01:49:00,0.34447967,0.34447967,0.34447967,0.34447967,0
2018-10-29 01:48:00,0.34447967,0.34447967,0.34447967,0.34447967,0
2018-10-29 01:47:00,0.34447967,0.34447967,0.34447967,0.34447967,0
2018-10-29 01:46:00,0.34447967,0.34447967,0.34447967,0.34447967,0
2018-10-29 01:45:00,0.34447967,0.34447967,0.34447967,0.34447967,0
2018-10-29 01:44:00,0.34447967,0.34447967,0.34447967,0.34447967,0
2018-10-29 01:43:00,0.34447967,0.34447967,0.34447967,0.34447967,0
2018-10-29 01:42:00,0.34447967,0.34447967,0.34447967,0.34447967,0
2018-10-29 01:41:00,0.34447967,0.34447967,0.34447967,0.34447967,0
2018-10-29 01:40:00,0.34447967,0.34447967,0.34447967,0.34447967,0
2018-10-29 01:39:00,0.34447967,0.34447967,0.34447967,0.34447967,0
2018-10-29 01:38:00,0.34447967,0.34447967,0.34447967,0.34447967,0
2018-10-29 01:37:00,0.34447967,0.34447967,0.34447967,0.34447967,0
2018-10-29 01:36:00,0.34447967,0.34447967,0.34447967,0.34447967,0
2018-10-29 01:35:00,0.34447967,0.34447967,0.34447967,0.34447967,0
2018-10-29 01:34:00,0.34447967,0.34447967,0.34447967,0.34447967,0
2018-10-29 01:33:00,0.34447967,0.34447967,0.34447967,0.34447967,0
2018-10-29 01:32:00,0.34447967,0.34447967,0.34447967,0.34447967,0
2018-10-29 01:31:00,0.34447967,0.34447967,0.34447967,0.34447967,53.8293
2018-10-29 01:30:00,0.34487013,0.34487013,0.34487013,0.34487013,0
2018-10-29 01:29:00,0.34487013,0.34487013,0.34487013,0.34487013,0
2018-10-29 01:28:00,0.34487013,0.34487013,0.34487013,0.34487013,0
2018-10-29 01:27:00,0.34487013,0.34487013,0.34487013,0.34487013,0
2018-10-29 01:26:00,0.34487013,0.34487013,0.34487013,0.34487013,0
2018-10-29 01:25:00,0.34487013,0.34487013,0.34487013,0.34487013,0
2018-10-29 01:24:00,0.34487013,0.34487013,0.34487013,0.34487013,0
2018-10-29 01:23:00,0.34487013,0.34487013,0.34487013,0.34487013,0
2018-10-29 01:22:00,0.34487013,0.34487013,0.34487013,0.34487013,0
2018-10-29 01:21:00,0.34487013,0.34487013,0.34487013,0.34487013,0
2018-10-29 01:20:00,0.34487013,0.34487013,0.34487013,0.34487013,0
2018-10-29 01:19:00,0.34487013,0.34487013,0.34487013,0.34487013,0
2018-10-29 01:18:00,0.34487013,0.34487013,0.34487013,0.34487013,0
2018-10-29 01:17:00,0.34487013,0.34487013,0.34487013,0.34487013,0
2018-10-29 01:16:00,0.34487013,0.34487013,0.34487013,0.34487013,0
2018-10-29 01:15:00,0.34487013,0.34487013,0.34487013,0.34487013,0
2018-10-29 01:14:00,0.34487013,0.34487013,0.34487013,0.34487013,0
2018-10-29 01:13:00,0.34487013,0.34487013,0.34487013,0.34487013,0
2018-10-29 01:12:00,0.34487013,0.34487013,0.34487013,0.34487013,0
2018-10-29 01:11:00,0.34487013,0.34487013,0.34487013,0.34487013,0
2018-10-29 01:10:00,0.34487013,0.34487013,0.34487013,0.34487013,0
2018-10-29 01:09:00,0.34487013,0.34487013,0.34487013,0.34487013,0
2018-10-29 01:08:00,0.34487013,0.34487013,0.34487013,0.34487013,0
2018-10-29 01:07:00,0.34487013,0.34487013,0.34487013,0.34487013,0
2018-10-29 01:06:00,0.34487013,0.34487013,0.34487013,0.34487013,0
2018-10-29 01:05:00,0.34487013,0.34487013,0.34487013,0.34487013,0
2018-10-29 01:04:00,0.34487013,0.34487013,0.34487013,0.34487013,0
2018-10-29 01:03:00,0.34487013,0.34487013,0.34487013,0.34487013,0
2018-10-29 01:02:00,0.34487013,0.34487013,0.34487013,0.34487013,0
2018-10-29 01:01:00,0.34487013,0.34487013,0.34487013,0.34487013,0
2018-10-29 01:00:00,0.34487013,0.34487013,0.34487013,0.34487013,0
2018-10-29 00:59:00,0.34487013,0.34487013,0.34487013,0.34487013,0
2018-10-29 00:58:00,0.34487013,0.34487013,0.34487013,0.34487013,0
2018-10-29 00:57:00,0.34487013,0.34487013,0.34487013,0.34487013,0
2018-10-29 00:56:00,0.34487013,0.34487013,0.34487013,0.34487013,0
2018-10-29 00:55:00,0.34487013,0.34487013,0.34487013,0.34487013,0
2018-10-29 00:54:00,0.34487013,0.34487013,0.34487013,0.34487013,0
2018-10-29 00:53:00,0.34487013,0.34487013,0.34487013,0.34487013,0
2018-10-29 00:52:00,0.34487013,0.34487013,0.34487013,0.34487013,0
2018-10-29 00:51:00,0.34487013,0.34487013,0.34487013,0.34487013,0
2018-10-29 00:50:00,0.34487013,0.34487013,0.34487013,0.34487013,0
2018-10-29 00:49:00,0.34487013,0.34487013,0.34487013,0.34487013,0
2018-10-29 00:48:00,0.34487013,0.34487013,0.34487013,0.34487013,0
2018-10-29 00:47:00,0.34487013,0.34487013,0.34487013,0.34487013,0
2018-10-29 00:46:00,0.34487013,0.34487013,0.34487013,0.34487013,0
2018-10-29 00:45:00,0.34487013,0.34487013,0.34487013,0.34487013,0
2018-10-29 00:44:00,0.34487013,0.34487013,0.34487013,0.34487013,0
2018-10-29 00:43:00,0.34487013,0.34487013,0.34487013,0.34487013,0
2018-10-29 00:42:00,0.34487013,0.34487013,0.34487013,0.34487013,0
2018-10-29 00:41:00,0.34487013,0.34487013,0.34487013,0.34487013,0
2018-10-29 00:40:00,0.34487013,0.34487013,0.34487013,0.34487013,0
2018-10-29 00:39:00,0.34487013,0.34487013,0.34487013,0.34487013,0
2018-10-29 00:38:00,0.34487013,0.34487013,0.34487013,0.34487013,0
2018-10-29 00:37:00,0.34487013,0.34487013,0.34487013,0.34487013,0
2018-10-29 00:36:00,0.34487013,0.34487013,0.34487013,0.34487013,0
2018-10-29 00:35:00,0.34487013,0.34487013,0.34487013,0.34487013,0
2018-10-29 00:34:00,0.34487013,0.34487013,0.34487013,0.34487013,0
2018-10-29 00:33:00,0.34487013,0.34487013,0.34487013,0.34487013,0
2018-10-29 00:32:00,0.34487013,0.34487013,0.34487013,0.34487013,0
2018-10-29 00:31:00,0.34487013,0.34487013,0.34487013,0.34487013,0
2018-10-29 00:30:00,0.34487013,0.34487013,0.34487013,0.34487013,0
2018-10-29 00:29:00,0.34487013,0.34487013,0.34487013,0.34487013,0
2018-10-29 00:28:00,0.34487013,0.34487013,0.34487013,0.34487013,0
2018-10-29 00:27:00,0.34487013,0.34487013,0.34487013,0.34487013,0
2018-10-29 00:26:00,0.34487013,0.34487013,0.34487013,0.34487013,0
2018-10-29 00:25:00,0.34487013,0.34487013,0.34487013,0.34487013,0
2018-10-29 00:24:00,0.34487013,0.34487013,0.34487013,0.34487013,0
2018-10-29 00:23:00,0.34487013,0.34487013,0.34487013,0.34487013,0
2018-10-29 00:22:00,0.34487013,0.34487013,0.34487013,0.34487013,0
2018-10-29 00:21:00,0.34487013,0.34487013,0.34487013,0.34487013,0
2018-10-29 00:20:00,0.34487013,0.34487013,0.34487013,0.34487013,56.2673
2018-10-29 00:19:00,0.34486551,0.34486551,0.34486551,0.34486551,0
2018-10-29 00:18:00,0.34486551,0.34486551,0.34486551,0.34486551,0
2018-10-29 00:17:00,0.34486551,0.34486551,0.34486551,0.34486551,0
2018-10-29 00:16:00,0.34486551,0.34486551,0.34486551,0.34486551,0
2018-10-29 00:15:00,0.34486551,0.34486551,0.34486551,0.34486551,0
2018-10-29 00:14:00,0.34486551,0.34486551,0.34486551,0.34486551,0
2018-10-29 00:13:00,0.34486551,0.34486551,0.34486551,0.34486551,0
2018-10-29 00:12:00,0.34486551,0.34486551,0.34486551,0.34486551,0
2018-10-29 00:11:00,0.34486551,0.34486551,0.34486551,0.34486551,0
2018-10-29 00:10:00,0.34486551,0.34486551,0.34486551,0.34486551,0
2018-10-29 00:09:00,0.34486551,0.34486551,0.34486551,0.34486551,0
2018-10-29 00:08:00,0.34486551,0.34486551,0.34486551,0.34486551,0
2018-10-29 00:07:00,0.34486551,0.34486551,0.34486551,0.34486551,0
2018-10-29 00:06:00,0.34486551,0.34486551,0.34486551,0.34486551,32.3
2018-10-29 00:05:00,0.34446554,0.34466553,0.34446554,0.34456554,129.5
2018-10-29 00:04:00,0.34416558,0.34416558,0.34416558,0.34416558,0
2018-10-29 00:03:00,0.34416558,0.34416558,0.34416558,0.34416558,0
2018-10-29 00:02:00,0.34416558,0.34416558,0.34416558,0.34416558,34.5
2018-10-29 00:01:00,0.34376562,0.34376562,0.34376562,0.34376562,0
2018-10-29 00:00:00,0.34376562,0.34376562,0.34376562,0.34376562,0
2018-10-28 23:59:00,0.34376562,0.34376562,0.34376562,0.34376562,0
2018-10-28 23:58:00,0.34376562,0.34376562,0.34376562,0.34376562,0
2018-10-28 23:57:00,0.34376562,0.34376562,0.34376562,0.34376562,0
2018-10-28 23:56:00,0.34376562,0.34376562,0.34376562,0.34376562,0
2018-10-28 23:55:00,0.34376562,0.34376562,0.34376562,0.34376562,70.6
2018-10-28 23:54:00,0.3384705,0.3384705,0.3384705,0.3384705,0
2018-10-28 23:53:00,0.3384705,0.3384705,0.3384705,0.3384705,0
2018-10-28 23:52:00,0.3384705,0.3384705,0.3384705,0.3384705,0
2018-10-28 23:51:00,0.3384705,0.3384705,0.3384705,0.3384705,0
2018-10-28 23:50:00,0.3384705,0.3384705,0.3384705,0.3384705,0
2018-10-28 23:49:00,0.3384705,0.3384705,0.3384705,0.3384705,0
2018-10-28 23:48:00,0.3384705,0.3384705,0.3384705,0.3384705,0
2018-10-28 23:47:00,0.3384705,0.3384705,0.3384705,0.3384705,0
2018-10-28 23:46:00,0.3384705,0.3384705,0.3384705,0.3384705,0
2018-10-28 23:45:00,0.3384705,0.3384705,0.3384705,0.3384705,0
2018-10-28 23:44:00,0.3384705,0.3384705,0.3384705,0.3384705,0
2018-10-28 23:43:00,0.3384705,0.3384705,0.3384705,0.3384705,0
2018-10-28 23:42:00,0.3384705,0.3384705,0.3384705,0.3384705,0
2018-10-28 23:41:00,0.3384705,0.3384705,0.3384705,0.3384705,0
2018-10-28 23:40:00,0.3384705,0.3384705,0.3384705,0.3384705,0
2018-10-28 23:39:00,0.3384705,0.3384705,0.3384705,0.3384705,0
2018-10-28 23:38:00,0.3384705,0.3384705,0.3384705,0.3384705,0
2018-10-28 23:37:00,0.3384705,0.3384705,0.3384705,0.3384705,0
2018-10-28 23:36:00,0.3384705,0.3384705,0.3384705,0.3384705,0
2018-10-28 23:35:00,0.3384705,0.3384705,0.3384705,0.3384705,0
2018-10-28 23:34:00,0.3384705,0.3384705,0.3384705,0.3384705,0
2018-10-28 23:33:00,0.3384705,0.3384705,0.3384705,0.3384705,0
2018-10-28 23:32:00,0.3384705,0.3384705,0.3384705,0.3384705,0
2018-10-28 23:31:00,0.3384705,0.3384705,0.3384705,0.3384705,0
2018-10-28 23:30:00,0.3384705,0.3384705,0.3384705,0.3384705,0
2018-10-28 23:29:00,0.3384705,0.3384705,0.3384705,0.3384705,0
2018-10-28 23:28:00,0.3384705,0.3384705,0.3384705,0.3384705,0
2018-10-28 23:27:00,0.3384705,0.3384705,0.3384705,0.3384705,0
2018-10-28 23:26:00,0.3384705,0.3384705,0.3384705,0.3384705,0
2018-10-28 23:25:00,0.3384705,0.3384705,0.3384705,0.3384705,0
2018-10-28 23:24:00,0.3384705,0.3384705,0.3384705,0.3384705,0
2018-10-28 23:23:00,0.3384705,0.3384705,0.3384705,0.3384705,0
2018-10-28 23:22:00,0.3384705,0.3384705,0.3384705,0.3384705,0
2018-10-28 23:21:00,0.3384705,0.3384705,0.3384705,0.3384705,0
2018-10-28 23:20:00,0.3384705,0.3384705,0.3384705,0.3384705,0
2018-10-28 23:19:00,0.3384705,0.3384705,0.3384705,0.3384705,0
2018-10-28 23:18:00,0.3384705,0.3384705,0.3384705,0.3384705,0
2018-10-28 23:17:00,0.3384705,0.3384705,0.3384705,0.3384705,0
2018-10-28 23:16:00,0.3384705,0.3384705,0.3384705,0.3384705,0
2018-10-28 23:15:00,0.3384705,0.3384705,0.3384705,0.3384705,0
2018-10-28 23:14:00,0.3384705,0.3384705,0.3384705,0.3384705,0
2018-10-28 23:13:00,0.3384705,0.3384705,0.3384705,0.3384705,0
2018-10-28 23:12:00,0.3384705,0.3384705,0.3384705,0.3384705,0
2018-10-28 23:11:00,0.3384705,0.3384705,0.3384705,0.3384705,0
2018-10-28 23:10:00,0.3384705,0.3384705,0.3384705,0.3384705,0
2018-10-28 23:09:00,0.3384705,0.3384705,0.3384705,0.3384705,0
2018-10-28 23:08:00,0.3384705,0.3384705,0.3384705,0.3384705,0
2018-10-28 23:07:00,0.3384705,0.3384705,0.3384705,0.3384705,0
2018-10-28 23:06:00,0.3384705,0.3384705,0.3384705,0.3384705,0
2018-10-28 23:05:00,0.3384705,0.3384705,0.3384705,0.3384705,0
2018-10-28 23:04:00,0.3384705,0.3384705,0.3384705,0.3384705,0
2018-10-28 23:03:00,0.3384705,0.3384705,0.3384705,0.3384705,0
2018-10-28 23:02:00,0.3384705,0.3384705,0.3384705,0.3384705,0
2018-10-28 23:01:00,0.3384705,0.3384705,0.3384705,0.3384705,0
2018-10-28 23:00:00,0.3384705,0.3384705,0.3384705,0.3384705,0
2018-10-28 22:59:00,0.3384705,0.3384705,0.3384705,0.3384705,0
2018-10-28 22:58:00,0.3384705,0.3384705,0.3384705,0.3384705,0
2018-10-28 22:57:00,0.3384705,0.3384705,0.3384705,0.3384705,0
2018-10-28 22:56:00,0.3384705,0.3384705,0.3384705,0.3384705,0
2018-10-28 22:55:00,0.3384705,0.3384705,0.3384705,0.3384705,0
2018-10-28 22:54:00,0.3384705,0.3384705,0.3384705,0.3384705,0
2018-10-28 22:53:00,0.3384705,0.3384705,0.3384705,0.3384705,0
2018-10-28 22:52:00,0.3384705,0.3384705,0.3384705,0.3384705,0
2018-10-28 22:51:00,0.3384705,0.3384705,0.3384705,0.3384705,0
2018-10-28 22:50:00,0.3384705,0.3384705,0.3384705,0.3384705,0
2018-10-28 22:49:00,0.3384705,0.3384705,0.3384705,0.3384705,0
2018-10-28 22:48:00,0.3384705,0.3384705,0.3384705,0.3384705,0
2018-10-28 22:47:00,0.3384705,0.3384705,0.3384705,0.3384705,0
2018-10-28 22:46:00,0.3384705,0.3384705,0.3384705,0.3384705,0
2018-10-28 22:45:00,0.3384705,0.3384705,0.3384705,0.3384705,0
2018-10-28 22:44:00,0.3384705,0.3384705,0.3384705,0.3384705,0
2018-10-28 22:43:00,0.3384705,0.3384705,0.3384705,0.3384705,0
2018-10-28 22:42:00,0.3384705,0.3384705,0.3384705,0.3384705,0
2018-10-28 22:41:00,0.3384705,0.3384705,0.3384705,0.3384705,0
2018-10-28 22:40:00,0.3384705,0.3384705,0.3384705,0.3384705,0
2018-10-28 22:39:00,0.3384705,0.3384705,0.3384705,0.3384705,0
2018-10-28 22:38:00,0.3384705,0.3384705,0.3384705,0.3384705,0
2018-10-28 22:37:00,0.3384705,0.3384705,0.3384705,0.3384705,0
2018-10-28 22:36:00,0.3384705,0.3384705,0.3384705,0.3384705,0
2018-10-28 22:35:00,0.3384705,0.3384705,0.3384705,0.3384705,0
2018-10-28 22:34:00,0.3384705,0.3384705,0.3384705,0.3384705,0
2018-10-28 22:33:00,0.3384705,0.3384705,0.3384705,0.3384705,0
2018-10-28 22:32:00,0.3384705,0.3384705,0.3384705,0.3384705,0
2018-10-28 22:31:00,0.3384705,0.3384705,0.3384705,0.3384705,0
2018-10-28 22:30:00,0.3384705,0.3384705,0.3384705,0.3384705,0
